Date,Home_Team_Id,Home_Team_Name,Visitor_Team_Id,Visitor_Team,group,Round,season,Home_Score,Away_Score
Thu 01 Dec 17:35  finished,1316,Al-Ittihad,6770,Al-Ahli,1,11,2011/2012,1,3
Fri 16 Dec 13:05  finished,6774,Al-Shabab,6770,Al-Ahli,1,13,2011/2012,1,1
Sun 12 Oct 18:55  finished,1317,Al-Hilal,6770,Al-Ahli,1,5,2008/2009,0,0
Thu 18 Mar 18:30  finished,6772,Al-Fateh,6770,Al-Ahli,1,22,2009/2010,3,1
Fri 09 Mar 18:30  finished,6775,Al-Quadisiya,6770,Al-Ahli,1,24,2017/2018,0,1
Sun 25 Aug 19:40  finished,6777,Al-Faisaly,6770,Al-Ahli,1,1,2013/2014,1,3
Sat 30 Jan 18:10  finished,6780,Al-Nassr,6770,Al-Ahli,1,20,2009/2010,1,1
Fri 21 Oct 19:15  finished,6780,Al-Nassr,6770,Al-Ahli,1,6,2016/2017,1,0
Fri 23 Oct 18:45  finished,6775,Al-Quadisiya,6770,Al-Ahli,1,6,2009/2010,1,2
Sat 20 Aug 20:05  finished,6772,Al-Fateh,6770,Al-Ahli,1,2,2016/2017,0,1
Thu 01 Dec 17:40  finished,6777,Al-Faisaly,6770,Al-Ahli,1,11,2016/2017,3,6
Sat 08 Dec 17:35  finished,6773,Al-Raed,6770,Al-Ahli,1,10,2012/2013,1,1
Sun 08 Apr 19:35  finished,6773,Al-Raed,6770,Al-Ahli,1,25,2011/2012,1,5
Sun 18 Sep 19:45  finished,6774,Al-Shabab,6770,Al-Ahli,1,3,2016/2017,3,2
Fri 03 Feb 18:20  finished,1316,Al-Ittihad,6770,Al-Ahli,1,17,2016/2017,1,4
Thu 18 Apr 19:40  finished,6780,Al-Nassr,6770,Al-Ahli,1,25,2012/2013,2,2
Thu 05 Jan 13:20  finished,6780,Al-Nassr,6770,Al-Ahli,1,15,2011/2012,1,3
Thu 09 Feb 18:15  finished,6775,Al-Quadisiya,6770,Al-Ahli,1,18,2016/2017,4,1
Thu 07 Jan 17:50  finished,1317,Al-Hilal,6770,Al-Ahli,1,16,2009/2010,3,1
Fri 11 Mar 16:25  finished,6775,Al-Quadisiya,6770,Al-Ahli,1,20,2015/2016,0,2
Sun 14 Apr 19:35  finished,6772,Al-Fateh,6770,Al-Ahli,1,24,2012/2013,1,0
Sat 09 Apr 17:55  finished,6777,Al-Faisaly,6770,Al-Ahli,1,22,2015/2016,1,2
Fri 25 Dec 17:40  finished,5680,Al-Ittifaq,6770,Al-Ahli,1,14,2009/2010,0,0
Thu 12 Mar 18:30  finished,6846,Al-Hazm,6770,Al-Ahli,1,11,2008/2009,1,1
Tue 17 Mar 18:30  finished,6773,Al-Raed,6770,Al-Ahli,1,9,2008/2009,2,3
Mon 15 Feb 18:40  finished,6780,Al-Nassr,6770,Al-Ahli,1,17,2015/2016,1,1
Fri 16 Feb 16:35  finished,10483,Al-Feiha,6770,Al-Ahli,1,22,2017/2018,1,1
Thu 19 Aug 20:45  finished,5680,Al-Ittifaq,6770,Al-Ahli,1,2,2010/2011,4,3
Wed 10 Feb 18:40  finished,6847,Al-Wahda,6770,Al-Ahli,1,16,2015/2016,0,1
Fri 24 Aug 19:40  finished,6774,Al-Shabab,6770,Al-Ahli,1,3,2012/2013,2,2
Sun 03 Mar 18:25  finished,5680,Al-Ittifaq,6770,Al-Ahli,1,21,2012/2013,1,4
Sun 20 Nov 17:45  finished,9623,Al-Baten,6770,Al-Ahli,1,9,2016/2017,0,1
Sun 14 Aug 19:45  finished,5680,Al-Ittifaq,6770,Al-Ahli,1,1,2016/2017,1,4
Wed 30 Sep 19:05  finished,6774,Al-Shabab,6770,Al-Ahli,1,4,2009/2010,2,1
Mon 24 Sep 19:15  finished,6777,Al-Faisaly,6770,Al-Ahli,1,7,2012/2013,0,3
Sat 17 Nov 17:35  finished,6778,Al-Taawon,6770,Al-Ahli,1,2,2012/2013,2,1
Fri 30 Nov 17:45  finished,1316,Al-Ittihad,6770,Al-Ahli,1,6,2012/2013,1,3
Thu 04 Mar 18:20  finished,6846,Al-Hazm,6770,Al-Ahli,1,2,2009/2010,1,1
Mon 12 Mar 18:25  finished,5680,Al-Ittifaq,6770,Al-Ahli,1,21,2011/2012,0,4
Mon 15 Dec 17:40  finished,6774,Al-Shabab,6770,Al-Ahli,1,13,2008/2009,3,2
Thu 09 Mar 18:35  finished,6847,Al-Wahda,6770,Al-Ahli,1,21,2016/2017,1,3
Thu 02 Feb 13:50  finished,6778,Al-Taawon,6770,Al-Ahli,1,18,2011/2012,0,2
Sat 17 Dec 17:45  finished,6778,Al-Taawon,6770,Al-Ahli,1,13,2016/2017,2,3
Tue 15 Dec 17:40  finished,6773,Al-Raed,6770,Al-Ahli,1,12,2009/2010,1,2
Sat 24 Jan 18:00  finished,1316,Al-Ittihad,6770,Al-Ahli,1,19,2008/2009,1,2
Sun 08 May 20:00  finished,6773,Al-Raed,6770,Al-Ahli,1,25,2015/2016,2,5
Tue 03 Nov 17:40  finished,6847,Al-Wahda,6770,Al-Ahli,1,8,2009/2010,1,1
Sat 05 Dec 17:35  finished,1316,Al-Ittihad,6770,Al-Ahli,1,10,2009/2010,2,1
Wed 21 Nov 17:35  finished,1317,Al-Hilal,6770,Al-Ahli,1,13,2012/2013,4,1
Thu 05 Mar 18:25  finished,6847,Al-Wahda,6770,Al-Ahli,1,17,2008/2009,0,2
Mon 23 Mar 18:25  finished,5680,Al-Ittifaq,6770,Al-Ahli,1,18,2008/2009,0,0
Sun 25 Mar 19:30  finished,6775,Al-Quadisiya,6770,Al-Ahli,1,23,2011/2012,0,3
Sun 14 Sep 21:15  finished,6780,Al-Nassr,6770,Al-Ahli,1,1,2008/2009,2,1
Thu 31 Jan 18:10  finished,6847,Al-Wahda,6770,Al-Ahli,1,18,2012/2013,1,3
Sat 16 Oct 18:55  finished,6780,Al-Nassr,6770,Al-Ahli,1,9,2010/2011,2,1
Fri 11 Aug 19:55  finished,5680,Al-Ittifaq,6770,Al-Ahli,1,1,2017/2018,2,1
Sun 31 Aug 19:40  finished,1317,Al-Hilal,6770,Al-Ahli,1,3,2014/2015,0,0
Sat 30 Oct 18:45  finished,6777,Al-Faisaly,6770,Al-Ahli,1,11,2010/2011,3,2
Fri 18 Mar 18:30  finished,6778,Al-Taawon,6770,Al-Ahli,1,20,2010/2011,2,1
Sat 02 Apr 19:35  finished,6775,Al-Quadisiya,6770,Al-Ahli,1,21,2010/2011,1,3
Fri 22 Sep 17:35  finished,9623,Al-Baten,6770,Al-Ahli,1,4,2017/2018,1,2
Sat 23 Dec 17:45  finished,6772,Al-Fateh,6770,Al-Ahli,1,15,2017/2018,1,3
Sat 14 Oct 19:00  finished,6774,Al-Shabab,6770,Al-Ahli,1,6,2017/2018,2,5
Wed 03 Nov 17:40  finished,6847,Al-Wahda,6770,Al-Ahli,1,12,2010/2011,1,3
Tue 03 Nov 18:30  finished,6774,Al-Shabab,6770,Al-Ahli,1,6,2015/2016,1,1
Fri 04 Oct 19:05  finished,1316,Al-Ittihad,6770,Al-Ahli,1,6,2013/2014,0,0
Sat 22 Feb 13:55  finished,6778,Al-Taawon,6770,Al-Ahli,1,23,2013/2014,1,1
Thu 07 Nov 17:45  finished,6772,Al-Fateh,6770,Al-Ahli,1,9,2013/2014,0,3
Thu 06 Feb 18:20  finished,6773,Al-Raed,6770,Al-Ahli,1,21,2013/2014,0,1
Fri 29 Dec 17:50  finished,6780,Al-Nassr,6770,Al-Ahli,1,16,2017/2018,3,1
Fri 14 Dec 17:30  finished,5680,Al-Ittifaq,6770,Al-Ahli,1,13,2007/2008,1,2
Mon 25 Apr 19:40  finished,6774,Al-Shabab,6770,Al-Ahli,1,23,2010/2011,2,1
Fri 15 May 20:00  finished,1316,Al-Ittihad,6770,Al-Ahli,1,26,2014/2015,1,1
Sat 18 Apr 20:00  finished,6777,Al-Faisaly,6770,Al-Ahli,1,23,2014/2015,1,4
Thu 23 Dec 17:40  finished,6772,Al-Fateh,6770,Al-Ahli,1,16,2010/2011,0,2
Fri 24 Aug 19:35  finished,6846,Al-Hazm,6770,Al-Ahli,1,1,2007/2008,1,0
Sun 22 Mar 18:55  finished,6780,Al-Nassr,6770,Al-Ahli,1,20,2014/2015,3,4
Sun 19 Nov 17:40  finished,6778,Al-Taawon,6770,Al-Ahli,1,10,2017/2018,1,1
Thu 24 Feb 18:20  finished,1316,Al-Ittihad,6770,Al-Ahli,1,18,2010/2011,2,0
Thu 26 Oct 18:50  finished,6777,Al-Faisaly,6770,Al-Ahli,1,8,2017/2018,1,2
Sun 10 Dec 17:40  finished,9624,Ohod,6770,Al-Ahli,1,13,2017/2018,2,2
Thu 13 Sep 21:15  finished,6774,Al-Shabab,6770,Al-Ahli,1,3,2007/2008,1,3
Sun 22 Nov 18:10  finished,1316,Al-Ittihad,6770,Al-Ahli,1,8,2015/2016,0,3
Fri 10 Dec 17:35  finished,6846,Al-Hazm,6770,Al-Ahli,1,14,2010/2011,1,3
Fri 21 Aug 18:15  finished,6778,Al-Taawon,6770,Al-Ahli,1,1,2015/2016,0,0
Fri 12 Dec 17:40  finished,6778,Al-Taawon,6770,Al-Ahli,1,12,2014/2015,1,4
Thu 04 Dec 17:35  finished,6772,Al-Fateh,6770,Al-Ahli,1,11,2014/2015,0,1
Fri 01 Dec 18:00  finished,1317,Al-Hilal,6770,Al-Ahli,1,12,2017/2018,2,0
Sat 25 Oct 18:50  finished,6773,Al-Raed,6770,Al-Ahli,1,8,2014/2015,2,4
Sat 07 Mar 18:40  finished,6774,Al-Shabab,6770,Al-Ahli,1,18,2014/2015,2,3
Sun 20 Dec 15:30  finished,6772,Al-Fateh,6770,Al-Ahli,1,13,2015/2016,0,2
Fri 20 May 19:55  finished,6773,Al-Raed,6770,Al-Ahli,1,26,2010/2011,2,3
Fri 21 Oct 18:50  finished,6772,Al-Fateh,6770,Al-Ahli,1,6,2011/2012,2,2
Sun 30 Apr 19:30  finished,6773,Al-Raed,6770,Al-Ahli,1,25,2016/2017,1,3
Sun 29 Dec 17:50  finished,6780,Al-Nassr,6770,Al-Ahli,1,15,2013/2014,3,1
Thu 24 Jan 18:00  finished,6780,Al-Nassr,6770,Al-Ahli,1,17,2007/2008,2,1
Sun 30 Mar 19:25  finished,6847,Al-Wahda,6770,Al-Ahli,1,20,2007/2008,1,0
Thu 10 Dec 18:15  finished,1317,Al-Hilal,6770,Al-Ahli,1,11,2015/2016,1,2
Fri 18 Jan 17:45  finished,1316,Al-Ittihad,6770,Al-Ahli,1,19,2007/2008,1,0
Sat 15 Apr 19:45  finished,1317,Al-Hilal,6770,Al-Ahli,1,23,2016/2017,0,0
Sun 07 Nov 17:40  finished,1317,Al-Hilal,6770,Al-Ahli,1,6,2010/2011,3,3
Sun 04 Feb 18:20  finished,1316,Al-Ittihad,6770,Al-Ahli,1,20,2017/2018,0,0
Thu 28 Nov 17:35  finished,6774,Al-Shabab,6770,Al-Ahli,1,11,2013/2014,1,0
Sun 13 Apr 19:30  finished,6775,Al-Quadisiya,6770,Al-Ahli,1,22,2007/2008,1,1
Fri 16 Mar 18:30  finished,6773,Al-Raed,6770,Al-Ahli,1,18,2017/2018,0,3
Sun 25 Dec 17:45  finished,6777,Al-Faisaly,6770,Al-Ahli,1,7,2011/2012,0,1
Thu 29 Sep 19:10  finished,1317,Al-Hilal,6770,Al-Ahli,1,4,2011/2012,4,0
Wed 02 Jan 17:35  finished,1317,Al-Hilal,6770,Al-Ahli,1,15,2007/2008,1,3
Thu 16 Jan 18:05  finished,1317,Al-Hilal,6770,Al-Ahli,1,18,2013/2014,1,0
Fri 13 Dec 17:35  finished,5680,Al-Ittifaq,6770,Al-Ahli,1,13,2013/2014,2,0
Fri 07 Apr 19:40  finished,6770,Al-Ahli,9623,Al-Baten,1,22,2016/2017,1,1
Fri 12 Jan 18:00  finished,6770,Al-Ahli,9623,Al-Baten,1,17,2017/2018,5,0
Sat 15 Apr 17:45  finished,6772,Al-Fateh,9623,Al-Baten,1,23,2016/2017,3,2
Thu 15 Feb 18:30  finished,6780,Al-Nassr,9623,Al-Baten,1,22,2017/2018,0,3
Sat 14 Oct 16:55  finished,5680,Al-Ittifaq,9623,Al-Baten,1,6,2017/2018,1,3
Sat 29 Oct 18:50  finished,6847,Al-Wahda,9623,Al-Baten,1,7,2016/2017,5,1
Fri 09 Feb 13:50  finished,6773,Al-Raed,9623,Al-Baten,1,21,2017/2018,3,1
Fri 11 Aug 19:55  finished,1316,Al-Ittihad,9623,Al-Baten,1,1,2017/2018,1,3
Thu 16 Nov 15:30  finished,6775,Al-Quadisiya,9623,Al-Baten,1,10,2017/2018,0,0
Thu 03 Nov 18:00  finished,1316,Al-Ittihad,9623,Al-Baten,1,8,2016/2017,2,0
Tue 06 Mar 16:25  finished,6772,Al-Fateh,9623,Al-Baten,1,18,2017/2018,5,2
Sat 10 Mar 16:50  finished,6778,Al-Taawon,9623,Al-Baten,1,24,2017/2018,1,2
Sat 29 Apr 19:50  finished,6778,Al-Taawon,9623,Al-Baten,1,25,2016/2017,4,3
Fri 22 Dec 13:40  finished,9624,Ohod,9623,Al-Baten,1,15,2017/2018,1,1
Fri 15 Sep 17:40  finished,6774,Al-Shabab,9623,Al-Baten,1,3,2017/2018,1,2
Sun 12 Feb 16:35  finished,6773,Al-Raed,9623,Al-Baten,1,18,2016/2017,2,1
Fri 30 Dec 15:55  finished,6774,Al-Shabab,9623,Al-Baten,1,15,2016/2017,3,1
Thu 04 May 19:50  finished,6777,Al-Faisaly,9623,Al-Baten,1,26,2016/2017,2,2
Thu 30 Nov 15:45  finished,6777,Al-Faisaly,9623,Al-Baten,1,12,2017/2018,0,1
Thu 01 Dec 17:40  finished,6780,Al-Nassr,9623,Al-Baten,1,11,2016/2017,4,0
Sat 21 Oct 18:55  finished,1317,Al-Hilal,9623,Al-Baten,1,7,2017/2018,2,1
Sat 18 Feb 16:15  finished,6775,Al-Quadisiya,9623,Al-Baten,1,19,2016/2017,1,1
Sat 09 Dec 13:10  finished,10483,Al-Feiha,9623,Al-Baten,1,13,2017/2018,2,0
Wed 21 Sep 19:25  finished,5680,Al-Ittifaq,9623,Al-Baten,1,4,2016/2017,2,1
Sat 13 Aug 19:45  finished,1317,Al-Hilal,9623,Al-Baten,1,1,2016/2017,2,0
Fri 29 Aug 17:45  finished,6772,Al-Fateh,6777,Al-Faisaly,1,3,2014/2015,1,2
Fri 16 Oct 19:00  finished,6847,Al-Wahda,6777,Al-Faisaly,1,4,2015/2016,2,2
Fri 08 Aug 19:45  finished,1316,Al-Ittihad,6777,Al-Faisaly,1,2,2014/2015,2,1
Sat 04 Feb 16:50  finished,6847,Al-Wahda,6777,Al-Faisaly,1,17,2016/2017,0,1
Fri 18 Nov 17:45  finished,6778,Al-Taawon,6777,Al-Faisaly,1,9,2016/2017,0,0
Fri 30 Aug 19:35  finished,6778,Al-Taawon,6777,Al-Faisaly,1,2,2013/2014,1,1
Fri 01 Apr 18:00  finished,6773,Al-Raed,6777,Al-Faisaly,1,21,2015/2016,5,0
Fri 03 Aug 21:30  finished,6778,Al-Taawon,6777,Al-Faisaly,1,1,2012/2013,2,0
Sat 23 Sep 17:15  finished,6775,Al-Quadisiya,6777,Al-Faisaly,1,4,2017/2018,1,1
Sat 27 Apr 19:40  finished,6780,Al-Nassr,6777,Al-Faisaly,1,26,2012/2013,2,1
Sun 30 Nov 17:35  finished,6770,Al-Ahli,6777,Al-Faisaly,1,10,2014/2015,1,1
Sat 19 Sep 20:00  finished,1316,Al-Ittihad,6777,Al-Faisaly,1,3,2015/2016,1,2
Sat 07 Feb 16:30  finished,6773,Al-Raed,6777,Al-Faisaly,1,14,2014/2015,2,1
Fri 03 Apr 17:50  finished,6774,Al-Shabab,6777,Al-Faisaly,1,21,2014/2015,2,1
Sat 04 Nov 17:45  finished,9624,Ohod,6777,Al-Faisaly,1,9,2017/2018,1,3
Fri 21 Oct 17:10  finished,6773,Al-Raed,6777,Al-Faisaly,1,6,2016/2017,1,0
Sat 12 Mar 16:25  finished,6772,Al-Fateh,6777,Al-Faisaly,1,20,2015/2016,2,1
Fri 14 Sep 19:25  finished,5680,Al-Ittifaq,6777,Al-Faisaly,1,6,2012/2013,1,1
Mon 27 Aug 19:40  finished,1316,Al-Ittihad,6777,Al-Faisaly,1,4,2012/2013,2,2
Sat 11 Apr 20:00  finished,1317,Al-Hilal,6777,Al-Faisaly,1,22,2014/2015,3,0
Fri 13 Mar 16:50  finished,6778,Al-Taawon,6777,Al-Faisaly,1,19,2014/2015,0,1
Thu 04 Dec 17:35  finished,6780,Al-Nassr,6777,Al-Faisaly,1,11,2014/2015,0,0
Thu 24 Feb 18:20  finished,6780,Al-Nassr,6777,Al-Faisaly,1,18,2010/2011,3,2
Thu 15 Dec 12:50  finished,6772,Al-Fateh,6777,Al-Faisaly,1,13,2011/2012,2,1
Sat 22 Aug 17:55  finished,6775,Al-Quadisiya,6777,Al-Faisaly,1,1,2015/2016,1,0
Sat 15 Oct 19:00  finished,1317,Al-Hilal,6777,Al-Faisaly,1,5,2016/2017,4,0
Fri 07 Feb 18:20  finished,6780,Al-Nassr,6777,Al-Faisaly,1,21,2013/2014,4,0
Sun 08 Apr 19:35  finished,5680,Al-Ittifaq,6777,Al-Faisaly,1,25,2011/2012,1,2
Fri 20 Oct 18:55  finished,6778,Al-Taawon,6777,Al-Faisaly,1,7,2017/2018,1,0
Fri 30 Dec 13:15  finished,6774,Al-Shabab,6777,Al-Faisaly,1,14,2011/2012,1,1
Sat 29 Apr 19:50  finished,1316,Al-Ittihad,6777,Al-Faisaly,1,25,2016/2017,2,2
Fri 03 Mar 18:30  finished,6780,Al-Nassr,6777,Al-Faisaly,1,20,2016/2017,0,0
Thu 13 Dec 13:10  finished,6774,Al-Shabab,6777,Al-Faisaly,1,15,2012/2013,3,2
Thu 02 Jan 17:55  finished,1317,Al-Hilal,6777,Al-Faisaly,1,16,2013/2014,2,1
Thu 12 May 18:10  finished,1317,Al-Hilal,6777,Al-Faisaly,1,26,2015/2016,0,0
Mon 14 Dec 15:45  finished,6774,Al-Shabab,6777,Al-Faisaly,1,12,2015/2016,0,1
Fri 29 Mar 18:35  finished,6847,Al-Wahda,6777,Al-Faisaly,1,23,2012/2013,1,2
Wed 30 Nov 17:35  finished,6775,Al-Quadisiya,6777,Al-Faisaly,1,11,2011/2012,2,2
Thu 15 Dec 13:05  finished,9623,Al-Baten,6777,Al-Faisaly,1,13,2016/2017,0,0
Sat 11 Mar 18:35  finished,6774,Al-Shabab,6777,Al-Faisaly,1,21,2016/2017,1,2
Fri 18 Nov 17:35  finished,1316,Al-Ittihad,6777,Al-Faisaly,1,9,2011/2012,4,2
Thu 07 Mar 18:25  finished,6772,Al-Fateh,6777,Al-Faisaly,1,22,2012/2013,1,0
Wed 06 Nov 17:45  finished,6773,Al-Raed,6777,Al-Faisaly,1,9,2013/2014,1,0
Thu 20 Apr 19:45  finished,6770,Al-Ahli,6777,Al-Faisaly,1,24,2016/2017,2,1
Thu 19 Dec 17:45  finished,6770,Al-Ahli,6777,Al-Faisaly,1,14,2013/2014,1,1
Mon 13 Feb 18:20  finished,6770,Al-Ahli,6777,Al-Faisaly,1,20,2011/2012,2,0
Wed 20 Feb 18:20  finished,6770,Al-Ahli,6777,Al-Faisaly,1,20,2012/2013,2,1
Thu 02 Feb 13:40  finished,1317,Al-Hilal,6777,Al-Faisaly,1,18,2011/2012,2,1
Thu 12 Jan 13:25  finished,6780,Al-Nassr,6777,Al-Faisaly,1,16,2011/2012,1,1
Mon 02 Nov 18:15  finished,6780,Al-Nassr,6777,Al-Faisaly,1,6,2015/2016,0,0
Fri 23 Mar 18:30  finished,6778,Al-Taawon,6777,Al-Faisaly,1,23,2011/2012,1,2
Thu 24 Nov 15:30  finished,5680,Al-Ittifaq,6777,Al-Faisaly,1,10,2016/2017,3,1
Sat 30 Apr 19:40  finished,6770,Al-Ahli,6777,Al-Faisaly,1,24,2010/2011,3,0
Fri 28 Mar 18:35  finished,5680,Al-Ittifaq,6777,Al-Faisaly,1,25,2013/2014,1,1
Fri 04 Oct 19:05  finished,6772,Al-Fateh,6777,Al-Faisaly,1,6,2013/2014,1,0
Fri 17 Jan 13:30  finished,6774,Al-Shabab,6777,Al-Faisaly,1,18,2013/2014,4,3
Thu 01 Nov 17:40  finished,1317,Al-Hilal,6777,Al-Faisaly,1,11,2012/2013,1,0
Thu 21 Apr 19:40  finished,6778,Al-Taawon,6777,Al-Faisaly,1,23,2010/2011,4,1
Thu 26 Nov 18:00  finished,6770,Al-Ahli,6777,Al-Faisaly,1,9,2015/2016,1,1
Thu 17 Aug 18:20  finished,6773,Al-Raed,6777,Al-Faisaly,1,2,2017/2018,2,3
Thu 23 Aug 19:40  finished,6773,Al-Raed,6777,Al-Faisaly,1,3,2012/2013,1,0
Fri 31 Jan 18:15  finished,1316,Al-Ittihad,6777,Al-Faisaly,1,20,2013/2014,1,2
Fri 16 Sep 19:25  finished,6773,Al-Raed,6777,Al-Faisaly,1,2,2011/2012,1,4
Fri 19 Aug 17:50  finished,6775,Al-Quadisiya,6777,Al-Faisaly,1,2,2016/2017,1,1
Sat 06 Feb 13:55  finished,6778,Al-Taawon,6777,Al-Faisaly,1,15,2015/2016,3,1
Fri 27 Jan 16:05  finished,6772,Al-Fateh,6777,Al-Faisaly,1,16,2016/2017,1,0
Sun 15 Aug 21:15  finished,6847,Al-Wahda,6777,Al-Faisaly,1,1,2010/2011,3,3
Thu 28 Dec 18:20  finished,1316,Al-Ittihad,6777,Al-Faisaly,1,16,2017/2018,3,3
Sat 16 Oct 18:55  finished,6772,Al-Fateh,6777,Al-Faisaly,1,9,2010/2011,0,1
Tue 06 Mar 16:25  finished,5680,Al-Ittifaq,6777,Al-Faisaly,1,18,2017/2018,0,0
Tue 28 Sep 19:10  finished,6775,Al-Quadisiya,6777,Al-Faisaly,1,7,2010/2011,2,2
Mon 29 Jan 18:10  finished,10483,Al-Feiha,6777,Al-Faisaly,1,19,2017/2018,2,2
Thu 14 Dec 17:40  finished,6780,Al-Nassr,6777,Al-Faisaly,1,14,2017/2018,1,1
Wed 25 Aug 21:00  finished,1317,Al-Hilal,6777,Al-Faisaly,1,3,2010/2011,5,1
Thu 08 Feb 18:20  finished,6770,Al-Ahli,6777,Al-Faisaly,1,21,2017/2018,2,1
Fri 02 Mar 18:30  finished,1317,Al-Hilal,6777,Al-Faisaly,1,23,2017/2018,1,0
Sat 07 Apr 18:00  finished,9623,Al-Baten,6777,Al-Faisaly,1,25,2017/2018,3,1
Thu 03 Mar 18:25  finished,6846,Al-Hazm,6777,Al-Faisaly,1,19,2010/2011,0,3
Thu 16 Dec 17:40  finished,1316,Al-Ittihad,6777,Al-Faisaly,1,15,2010/2011,3,3
Sun 29 Aug 20:45  finished,5680,Al-Ittifaq,6777,Al-Faisaly,1,4,2010/2011,1,0
Thu 11 Nov 17:35  finished,6774,Al-Shabab,6777,Al-Faisaly,1,13,2010/2011,4,1
Sat 25 Nov 15:30  finished,6772,Al-Fateh,6777,Al-Faisaly,1,11,2017/2018,0,5
Wed 03 Nov 17:40  finished,6773,Al-Raed,6777,Al-Faisaly,1,12,2010/2011,0,0
Fri 08 Dec 15:45  finished,6774,Al-Shabab,6777,Al-Faisaly,1,13,2017/2018,0,1
Fri 27 Oct 17:00  finished,6774,Al-Shabab,6772,Al-Fateh,1,8,2017/2018,1,1
Sat 11 Feb 16:10  finished,5680,Al-Ittifaq,6772,Al-Fateh,1,18,2016/2017,2,2
Mon 21 Jan 18:00  finished,6773,Al-Raed,6772,Al-Fateh,1,17,2012/2013,1,3
Fri 13 May 20:00  finished,6770,Al-Ahli,6772,Al-Fateh,1,26,2015/2016,3,2
Thu 28 Jan 18:10  finished,6847,Al-Wahda,6772,Al-Fateh,1,20,2009/2010,6,0
Sun 09 Dec 17:35  finished,6780,Al-Nassr,6772,Al-Fateh,1,14,2012/2013,0,0
Fri 01 Mar 18:25  finished,1316,Al-Ittihad,6772,Al-Fateh,1,21,2012/2013,0,2
Thu 12 Apr 19:40  finished,1317,Al-Hilal,6772,Al-Fateh,1,26,2017/2018,4,1
Fri 13 Mar 18:30  finished,1317,Al-Hilal,6772,Al-Fateh,1,19,2014/2015,3,0
Fri 12 Aug 20:05  finished,6780,Al-Nassr,6772,Al-Fateh,1,1,2016/2017,4,1
Tue 28 Apr 19:40  finished,6770,Al-Ahli,6772,Al-Fateh,1,24,2014/2015,5,0
Mon 18 Jan 18:00  finished,6775,Al-Quadisiya,6772,Al-Fateh,1,18,2009/2010,0,1
Fri 20 Feb 16:30  finished,6777,Al-Faisaly,6772,Al-Fateh,1,16,2014/2015,4,2
Thu 06 Apr 17:40  finished,6775,Al-Quadisiya,6772,Al-Fateh,1,22,2016/2017,1,2
Thu 19 Aug 21:00  finished,6780,Al-Nassr,6772,Al-Fateh,1,2,2010/2011,4,2
Sat 17 Feb 18:30  finished,1316,Al-Ittihad,6772,Al-Fateh,1,22,2017/2018,0,0
Thu 09 Mar 18:35  finished,1317,Al-Hilal,6772,Al-Fateh,1,21,2016/2017,1,0
Fri 13 Sep 19:25  finished,1316,Al-Ittihad,6772,Al-Fateh,1,3,2013/2014,4,2
Fri 09 Dec 13:15  finished,6778,Al-Taawon,6772,Al-Fateh,1,12,2011/2012,3,3
Fri 01 Apr 20:00  finished,6847,Al-Wahda,6772,Al-Fateh,1,21,2015/2016,1,3
Sun 27 Jan 18:05  finished,6770,Al-Ahli,6772,Al-Fateh,1,11,2012/2013,3,3
Thu 18 Apr 15:50  finished,6847,Al-Wahda,6772,Al-Fateh,1,25,2012/2013,2,1
Fri 02 Dec 13:05  finished,1317,Al-Hilal,6772,Al-Fateh,1,11,2011/2012,3,2
Sat 10 Mar 16:45  finished,6777,Al-Faisaly,6772,Al-Fateh,1,24,2017/2018,0,2
Sat 17 Sep 17:40  finished,6777,Al-Faisaly,6772,Al-Fateh,1,3,2016/2017,0,0
Sun 17 Apr 20:00  finished,6778,Al-Taawon,6772,Al-Fateh,1,23,2015/2016,1,2
Thu 12 Feb 18:30  finished,6774,Al-Shabab,6772,Al-Fateh,1,15,2014/2015,2,2
Fri 14 Sep 19:25  finished,6778,Al-Taawon,6772,Al-Fateh,1,6,2012/2013,0,1
Fri 23 Oct 18:45  finished,1317,Al-Hilal,6772,Al-Fateh,1,6,2009/2010,5,1
Wed 18 Apr 19:40  finished,6777,Al-Faisaly,6772,Al-Fateh,1,26,2011/2012,1,0
Tue 07 Aug 21:15  finished,1317,Al-Hilal,6772,Al-Fateh,1,2,2012/2013,1,2
Wed 30 Sep 19:05  finished,5680,Al-Ittifaq,6772,Al-Fateh,1,4,2009/2010,0,2
Fri 04 Dec 17:35  finished,6780,Al-Nassr,6772,Al-Fateh,1,10,2009/2010,3,1
Sat 29 Oct 17:10  finished,6774,Al-Shabab,6772,Al-Fateh,1,7,2016/2017,2,0
Thu 15 Mar 18:25  finished,6774,Al-Shabab,6772,Al-Fateh,1,22,2011/2012,1,0
Thu 10 Dec 17:35  finished,6770,Al-Ahli,6772,Al-Fateh,1,11,2009/2010,1,1
Wed 26 Aug 21:15  finished,6773,Al-Raed,6772,Al-Fateh,1,2,2009/2010,2,1
Tue 15 Dec 17:40  finished,1316,Al-Ittihad,6772,Al-Fateh,1,12,2009/2010,1,1
Thu 12 Jan 13:35  finished,6773,Al-Raed,6772,Al-Fateh,1,16,2011/2012,1,2
Thu 04 Oct 19:00  finished,6777,Al-Faisaly,6772,Al-Fateh,1,9,2012/2013,0,0
Sat 27 Apr 19:40  finished,5680,Al-Ittifaq,6772,Al-Fateh,1,26,2012/2013,0,4
Wed 06 Jan 17:50  finished,6774,Al-Shabab,6772,Al-Fateh,1,16,2009/2010,2,2
Fri 11 Feb 18:15  finished,6773,Al-Raed,6772,Al-Fateh,1,17,2010/2011,1,2
Thu 22 Sep 17:40  finished,6773,Al-Raed,6772,Al-Fateh,1,4,2016/2017,3,2
Sat 18 Nov 15:50  finished,10483,Al-Feiha,6772,Al-Fateh,1,10,2017/2018,1,3
Sat 21 Mar 18:40  finished,6773,Al-Raed,6772,Al-Fateh,1,20,2014/2015,2,3
Sat 17 Dec 16:25  finished,1316,Al-Ittihad,6772,Al-Fateh,1,13,2016/2017,3,2
Thu 24 Dec 13:20  finished,6846,Al-Hazm,6772,Al-Fateh,1,14,2009/2010,2,1
Thu 02 Feb 18:10  finished,6775,Al-Quadisiya,6772,Al-Fateh,1,18,2011/2012,1,2
Tue 07 Feb 18:15  finished,6770,Al-Ahli,6772,Al-Fateh,1,19,2011/2012,3,3
Thu 20 Oct 17:10  finished,6778,Al-Taawon,6772,Al-Fateh,1,6,2016/2017,0,0
Sat 31 Dec 17:50  finished,6770,Al-Ahli,6772,Al-Fateh,1,15,2016/2017,2,0
Fri 14 Feb 18:25  finished,6770,Al-Ahli,6772,Al-Fateh,1,22,2013/2014,4,0
Fri 30 Sep 19:10  finished,6780,Al-Nassr,6772,Al-Fateh,1,4,2011/2012,1,2
Sat 14 Dec 13:10  finished,1317,Al-Hilal,6772,Al-Fateh,1,13,2013/2014,2,0
Sat 05 Mar 18:45  finished,1316,Al-Ittihad,6772,Al-Fateh,1,19,2015/2016,0,0
Sun 06 Mar 18:25  finished,6774,Al-Shabab,6772,Al-Fateh,1,19,2010/2011,0,0
Fri 20 Dec 13:20  finished,6778,Al-Taawon,6772,Al-Fateh,1,14,2013/2014,1,0
Sat 02 Oct 19:05  finished,6847,Al-Wahda,6772,Al-Fateh,1,8,2010/2011,3,0
Fri 11 Dec 15:30  finished,6775,Al-Quadisiya,6772,Al-Fateh,1,11,2015/2016,2,1
Thu 17 Aug 19:50  finished,6770,Al-Ahli,6772,Al-Fateh,1,2,2017/2018,4,0
Fri 16 Oct 17:10  finished,6773,Al-Raed,6772,Al-Fateh,1,4,2015/2016,0,0
Fri 24 Jan 13:40  finished,6777,Al-Faisaly,6772,Al-Fateh,1,19,2013/2014,2,1
Mon 27 Sep 19:10  finished,5680,Al-Ittifaq,6772,Al-Fateh,1,7,2010/2011,2,2
Wed 13 Aug 19:50  finished,1316,Al-Ittihad,6772,Al-Fateh,1,1,2014/2015,1,0
Thu 18 Sep 19:20  finished,6778,Al-Taawon,6772,Al-Fateh,1,5,2014/2015,1,2
Sat 13 Sep 19:25  finished,6780,Al-Nassr,6772,Al-Fateh,1,4,2014/2015,4,2
Fri 29 Oct 18:45  finished,6778,Al-Taawon,6772,Al-Fateh,1,11,2010/2011,0,0
Sat 16 Dec 13:15  finished,6778,Al-Taawon,6772,Al-Fateh,1,14,2017/2018,0,0
Fri 08 Apr 19:35  finished,6777,Al-Faisaly,6772,Al-Fateh,1,22,2010/2011,1,2
Thu 28 Dec 13:20  finished,6773,Al-Raed,6772,Al-Fateh,1,16,2017/2018,2,2
Thu 28 Sep 17:30  finished,9623,Al-Baten,6772,Al-Fateh,1,5,2017/2018,0,0
Thu 26 Nov 15:45  finished,6780,Al-Nassr,6772,Al-Fateh,1,9,2015/2016,3,1
Fri 28 Mar 18:35  finished,6773,Al-Raed,6772,Al-Fateh,1,25,2013/2014,2,1
Fri 22 Sep 18:00  finished,9624,Ohod,6772,Al-Fateh,1,4,2017/2018,0,2
Fri 25 Dec 13:15  finished,6777,Al-Faisaly,6772,Al-Fateh,1,7,2015/2016,1,2
Sun 24 Apr 19:40  finished,1316,Al-Ittihad,6772,Al-Fateh,1,23,2010/2011,2,0
Tue 22 Nov 17:40  finished,1316,Al-Ittihad,6772,Al-Fateh,1,2,2011/2012,1,2
Wed 29 Nov 17:40  finished,6780,Al-Nassr,6772,Al-Fateh,1,12,2017/2018,3,1
Tue 24 Aug 21:15  finished,6770,Al-Ahli,6772,Al-Fateh,1,3,2010/2011,1,2
Thu 09 Dec 17:35  finished,6775,Al-Quadisiya,6772,Al-Fateh,1,14,2010/2011,0,1
Fri 25 Nov 15:40  finished,9623,Al-Baten,6772,Al-Fateh,1,10,2016/2017,1,1
Sun 02 Sep 19:35  finished,6774,Al-Shabab,6772,Al-Fateh,1,5,2012/2013,2,4
Thu 25 Feb 16:30  finished,6774,Al-Shabab,6772,Al-Fateh,1,18,2015/2016,1,0
Fri 28 Oct 18:50  finished,5680,Al-Ittifaq,6772,Al-Fateh,1,7,2011/2012,1,0
Thu 20 Apr 19:45  finished,6847,Al-Wahda,6772,Al-Fateh,1,24,2016/2017,1,2
Mon 23 Sep 19:15  finished,6774,Al-Shabab,6772,Al-Fateh,1,4,2013/2014,1,1
Sat 03 Feb 16:05  finished,5680,Al-Ittifaq,6772,Al-Fateh,1,20,2017/2018,2,1
Sun 19 Dec 17:40  finished,1317,Al-Hilal,6772,Al-Fateh,1,5,2010/2011,2,0
Sat 26 Oct 18:45  finished,6780,Al-Nassr,6772,Al-Fateh,1,7,2013/2014,1,0
Thu 11 Nov 17:35  finished,6846,Al-Hazm,6772,Al-Fateh,1,13,2010/2011,2,1
Mon 29 Jan 16:00  finished,6775,Al-Quadisiya,6772,Al-Fateh,1,19,2017/2018,1,4
Fri 05 Feb 16:20  finished,1317,Al-Hilal,6772,Al-Fateh,1,15,2015/2016,3,3
Sat 30 Nov 17:35  finished,5680,Al-Ittifaq,6772,Al-Fateh,1,11,2013/2014,2,0
Fri 22 Sep 19:20  finished,6780,Al-Nassr,10483,Al-Feiha,1,4,2017/2018,2,2
Sat 14 Oct 19:00  finished,6777,Al-Faisaly,10483,Al-Feiha,1,6,2017/2018,2,1
Thu 10 Aug 19:55  finished,1317,Al-Hilal,10483,Al-Feiha,1,1,2017/2018,2,1
Thu 19 Oct 16:50  finished,6775,Al-Quadisiya,10483,Al-Feiha,1,7,2017/2018,1,1
Wed 29 Nov 15:50  finished,6773,Al-Raed,10483,Al-Feiha,1,12,2017/2018,2,0
Tue 31 Oct 17:45  finished,6770,Al-Ahli,10483,Al-Feiha,1,9,2017/2018,1,1
Sat 10 Mar 18:30  finished,6774,Al-Shabab,10483,Al-Feiha,1,24,2017/2018,0,0
Fri 29 Dec 13:20  finished,6778,Al-Taawon,10483,Al-Feiha,1,16,2017/2018,4,0
Thu 01 Mar 16:25  finished,6772,Al-Fateh,10483,Al-Feiha,1,23,2017/2018,3,2
Sat 10 Feb 18:20  finished,5680,Al-Ittifaq,10483,Al-Feiha,1,21,2017/2018,1,1
Sun 24 Dec 17:45  finished,1316,Al-Ittihad,10483,Al-Feiha,1,15,2017/2018,0,1
Thu 12 Apr 18:00  finished,9623,Al-Baten,10483,Al-Feiha,1,26,2017/2018,1,1
Tue 06 Mar 17:10  finished,9624,Ohod,10483,Al-Feiha,1,18,2017/2018,2,3
Sun 28 Oct 18:50  finished,1317,Al-Hilal,6846,Al-Hazm,1,8,2007/2008,2,0
Fri 25 Sep 19:10  finished,6772,Al-Fateh,6846,Al-Hazm,1,3,2009/2010,1,1
Thu 18 Oct 18:45  finished,6774,Al-Shabab,6846,Al-Hazm,1,7,2007/2008,1,2
Fri 04 Apr 19:25  finished,6780,Al-Nassr,6846,Al-Hazm,1,10,2007/2008,2,1
Thu 30 Oct 17:45  finished,6780,Al-Nassr,6846,Al-Hazm,1,7,2008/2009,3,1
Tue 04 Nov 17:45  finished,6774,Al-Shabab,6846,Al-Hazm,1,8,2008/2009,2,0
Sun 30 Nov 17:40  finished,1317,Al-Hilal,6846,Al-Hazm,1,17,2008/2009,3,0
Sun 14 Sep 21:15  finished,6847,Al-Wahda,6846,Al-Hazm,1,1,2008/2009,2,1
Mon 19 Jan 18:00  finished,6773,Al-Raed,6846,Al-Hazm,1,15,2008/2009,1,0
Thu 24 Jan 18:00  finished,5680,Al-Ittifaq,6846,Al-Hazm,1,17,2007/2008,2,3
Sat 12 Jan 17:50  finished,1316,Al-Ittihad,6846,Al-Hazm,1,16,2007/2008,1,0
Sat 04 Oct 19:00  finished,1316,Al-Ittihad,6846,Al-Hazm,1,3,2008/2009,3,0
Sun 12 Apr 19:40  finished,6770,Al-Ahli,6846,Al-Hazm,1,22,2008/2009,1,0
Thu 20 Sep 21:15  finished,6775,Al-Quadisiya,6846,Al-Hazm,1,4,2007/2008,1,1
Thu 06 Dec 17:30  finished,6770,Al-Ahli,6846,Al-Hazm,1,12,2007/2008,1,1
Thu 25 Feb 18:20  finished,6780,Al-Nassr,6846,Al-Hazm,1,1,2009/2010,1,0
Thu 30 Aug 19:35  finished,6847,Al-Wahda,6846,Al-Hazm,1,2,2007/2008,3,2
Thu 05 Feb 18:30  finished,5680,Al-Ittifaq,6846,Al-Hazm,1,13,2008/2009,0,0
Fri 29 Jan 18:10  finished,6775,Al-Quadisiya,6846,Al-Hazm,1,20,2009/2010,3,1
Fri 20 May 19:55  finished,6772,Al-Fateh,6846,Al-Hazm,1,26,2010/2011,3,0
Sun 06 Feb 18:15  finished,6774,Al-Shabab,6846,Al-Hazm,1,8,2010/2011,1,0
Sun 15 Aug 21:15  finished,6770,Al-Ahli,6846,Al-Hazm,1,1,2010/2011,1,0
Sun 29 Aug 21:15  finished,1316,Al-Ittihad,6846,Al-Hazm,1,4,2010/2011,4,0
Mon 18 Jan 18:00  finished,6774,Al-Shabab,6846,Al-Hazm,1,18,2009/2010,0,2
Fri 01 Jan 13:25  finished,6773,Al-Raed,6846,Al-Hazm,1,15,2009/2010,1,1
Fri 22 Oct 18:50  finished,5680,Al-Ittifaq,6846,Al-Hazm,1,10,2010/2011,2,1
Fri 08 Apr 19:35  finished,6778,Al-Taawon,6846,Al-Hazm,1,22,2010/2011,2,0
Wed 22 Sep 19:15  finished,6777,Al-Faisaly,6846,Al-Hazm,1,6,2010/2011,3,1
Thu 17 Mar 18:30  finished,6773,Al-Raed,6846,Al-Hazm,1,20,2010/2011,2,0
Sun 15 May 19:50  finished,6780,Al-Nassr,6846,Al-Hazm,1,25,2010/2011,2,1
Sat 19 Dec 17:40  finished,6770,Al-Ahli,6846,Al-Hazm,1,13,2009/2010,2,1
Wed 06 Jan 17:50  finished,1316,Al-Ittihad,6846,Al-Hazm,1,16,2009/2010,5,2
Thu 24 Feb 18:20  finished,6847,Al-Wahda,6846,Al-Hazm,1,18,2010/2011,8,1
Thu 23 Dec 17:40  finished,6775,Al-Quadisiya,6846,Al-Hazm,1,16,2010/2011,1,0
Wed 15 Dec 17:40  finished,1317,Al-Hilal,6846,Al-Hazm,1,15,2010/2011,3,0
Fri 23 Oct 18:45  finished,5680,Al-Ittifaq,6846,Al-Hazm,1,6,2009/2010,2,3
Thu 18 Mar 18:30  finished,6847,Al-Wahda,6846,Al-Hazm,1,22,2009/2010,0,0
Mon 02 Nov 17:40  finished,1317,Al-Hilal,6846,Al-Hazm,1,8,2009/2010,4,0
Fri 16 Mar 18:30  finished,6775,Al-Quadisiya,1317,Al-Hilal,1,18,2017/2018,0,1
Fri 23 Sep 19:20  finished,6778,Al-Taawon,1317,Al-Hilal,1,3,2011/2012,0,1
Thu 06 Apr 19:40  finished,6773,Al-Raed,1317,Al-Hilal,1,22,2016/2017,0,3
Sun 30 Mar 19:25  finished,5680,Al-Ittifaq,1317,Al-Hilal,1,20,2007/2008,1,1
Sat 19 Dec 15:50  finished,6777,Al-Faisaly,1317,Al-Hilal,1,13,2015/2016,0,1
Wed 27 Jan 18:30  finished,6847,Al-Wahda,1317,Al-Hilal,1,14,2015/2016,1,3
Thu 13 Mar 18:20  finished,6846,Al-Hazm,1317,Al-Hilal,1,19,2007/2008,0,1
Sat 27 Apr 19:40  finished,6770,Al-Ahli,1317,Al-Hilal,1,26,2012/2013,1,1
Thu 24 Nov 17:35  finished,6780,Al-Nassr,1317,Al-Hilal,1,10,2011/2012,0,3
Tue 15 Aug 19:50  finished,6778,Al-Taawon,1317,Al-Hilal,1,2,2017/2018,3,4
Fri 16 Feb 18:30  finished,6774,Al-Shabab,1317,Al-Hilal,1,22,2017/2018,1,2
Thu 09 Jan 18:00  finished,1316,Al-Ittihad,1317,Al-Hilal,1,17,2013/2014,2,2
Sun 06 Feb 18:15  finished,1316,Al-Ittihad,1317,Al-Hilal,1,7,2010/2011,0,0
Sat 14 Sep 19:25  finished,6777,Al-Faisaly,1317,Al-Hilal,1,3,2013/2014,1,3
Sun 04 Feb 16:20  finished,9623,Al-Baten,1317,Al-Hilal,1,20,2017/2018,1,5
Sat 01 Sep 19:35  finished,6780,Al-Nassr,1317,Al-Hilal,1,5,2012/2013,1,3
Sat 28 Sep 19:10  finished,6770,Al-Ahli,1317,Al-Hilal,1,5,2013/2014,1,1
Wed 22 Oct 18:45  finished,6846,Al-Hazm,1317,Al-Hilal,1,6,2008/2009,1,2
Mon 15 Feb 16:40  finished,6778,Al-Taawon,1317,Al-Hilal,1,17,2015/2016,1,0
Sat 15 Oct 18:55  finished,6777,Al-Faisaly,1317,Al-Hilal,1,5,2011/2012,0,2
Fri 25 Oct 18:45  finished,6778,Al-Taawon,1317,Al-Hilal,1,7,2013/2014,1,2
Thu 20 Apr 19:45  finished,6774,Al-Shabab,1317,Al-Hilal,1,24,2016/2017,1,2
Fri 30 Aug 19:35  finished,5680,Al-Ittifaq,1317,Al-Hilal,1,2,2013/2014,1,3
Fri 20 Aug 21:15  finished,6846,Al-Hazm,1317,Al-Hilal,1,2,2010/2011,0,2
Sat 29 Apr 19:50  finished,6847,Al-Wahda,1317,Al-Hilal,1,25,2016/2017,1,3
Thu 20 Oct 18:55  finished,6775,Al-Quadisiya,1317,Al-Hilal,1,6,2011/2012,4,5
Sun 06 Mar 16:25  finished,6775,Al-Quadisiya,1317,Al-Hilal,1,19,2015/2016,0,0
Sun 13 Apr 19:30  finished,1316,Al-Ittihad,1317,Al-Hilal,1,22,2007/2008,0,1
Thu 11 Feb 16:35  finished,6773,Al-Raed,1317,Al-Hilal,1,16,2015/2016,0,1
Thu 26 Oct 18:50  finished,6780,Al-Nassr,1317,Al-Hilal,1,8,2017/2018,1,2
Wed 28 Jan 18:15  finished,6777,Al-Faisaly,1317,Al-Hilal,1,9,2014/2015,2,2
Sun 06 Mar 18:25  finished,6770,Al-Ahli,1317,Al-Hilal,1,19,2010/2011,1,1
Mon 01 Dec 17:35  finished,1316,Al-Ittihad,1317,Al-Hilal,1,10,2014/2015,0,0
Sat 29 Aug 17:45  finished,6772,Al-Fateh,1317,Al-Hilal,1,2,2015/2016,1,2
Mon 07 Jan 17:35  finished,6847,Al-Wahda,1317,Al-Hilal,1,5,2007/2008,0,1
Sat 13 Dec 17:40  finished,6780,Al-Nassr,1317,Al-Hilal,1,12,2014/2015,1,0
Mon 18 Feb 18:10  finished,6770,Al-Ahli,1317,Al-Hilal,1,4,2007/2008,1,2
Fri 10 Dec 17:35  finished,6778,Al-Taawon,1317,Al-Hilal,1,14,2010/2011,2,2
Sun 10 Dec 17:40  finished,6772,Al-Fateh,1317,Al-Hilal,1,13,2017/2018,0,0
Sat 21 Feb 18:40  finished,6770,Al-Ahli,1317,Al-Hilal,1,16,2014/2015,1,1
Tue 06 Nov 17:45  finished,6780,Al-Nassr,1317,Al-Hilal,1,2,2007/2008,1,3
Mon 01 Jan 17:50  finished,6777,Al-Faisaly,1317,Al-Hilal,1,10,2017/2018,1,1
Sun 26 Apr 20:00  finished,6773,Al-Raed,1317,Al-Hilal,1,24,2014/2015,1,1
Sun 22 Mar 16:45  finished,6774,Al-Shabab,1317,Al-Hilal,1,20,2014/2015,0,1
Thu 23 Dec 17:40  finished,6777,Al-Faisaly,1317,Al-Hilal,1,16,2010/2011,2,3
Sat 04 Apr 20:00  finished,6778,Al-Taawon,1317,Al-Hilal,1,21,2014/2015,0,1
Fri 25 Feb 18:20  finished,6772,Al-Fateh,1317,Al-Hilal,1,18,2010/2011,1,2
Sun 24 Apr 19:40  finished,6780,Al-Nassr,1317,Al-Hilal,1,23,2010/2011,0,1
Sat 25 Jan 13:45  finished,6773,Al-Raed,1317,Al-Hilal,1,19,2013/2014,0,1
Sun 15 May 19:50  finished,6775,Al-Quadisiya,1317,Al-Hilal,1,25,2010/2011,0,2
Fri 27 Nov 18:00  finished,6774,Al-Shabab,1317,Al-Hilal,1,9,2015/2016,0,1
Mon 21 Feb 18:15  finished,6774,Al-Shabab,1317,Al-Hilal,1,9,2010/2011,0,2
Fri 04 Apr 19:25  finished,6774,Al-Shabab,1317,Al-Hilal,1,10,2007/2008,1,1
Thu 06 Feb 18:20  finished,6774,Al-Shabab,1317,Al-Hilal,1,21,2013/2014,1,0
Fri 21 Feb 18:20  finished,6780,Al-Nassr,1317,Al-Hilal,1,23,2013/2014,3,4
Tue 05 Dec 17:40  finished,6773,Al-Raed,1317,Al-Hilal,1,6,2017/2018,0,3
Thu 24 Dec 18:00  finished,6780,Al-Nassr,1317,Al-Hilal,1,7,2015/2016,1,2
Thu 28 Oct 18:45  finished,6773,Al-Raed,1317,Al-Hilal,1,11,2010/2011,0,4
Sun 17 Dec 17:40  finished,10483,Al-Feiha,1317,Al-Hilal,1,14,2017/2018,2,1
Sun 06 Apr 19:35  finished,6772,Al-Fateh,1317,Al-Hilal,1,26,2013/2014,0,1
Fri 30 Oct 18:30  finished,1316,Al-Ittihad,1317,Al-Hilal,1,5,2015/2016,4,3
Thu 18 Oct 18:45  finished,6775,Al-Quadisiya,1317,Al-Hilal,1,7,2007/2008,2,4
Fri 01 Apr 19:35  finished,5680,Al-Ittifaq,1317,Al-Hilal,1,21,2010/2011,2,3
Wed 24 Sep 19:15  finished,6772,Al-Fateh,1317,Al-Hilal,1,6,2014/2015,1,2
Thu 28 Dec 13:45  finished,9624,Ohod,1317,Al-Hilal,1,16,2017/2018,1,4
Thu 21 Sep 19:20  finished,1316,Al-Ittihad,1317,Al-Hilal,1,4,2017/2018,1,1
Fri 19 Aug 20:05  finished,6778,Al-Taawon,1317,Al-Hilal,1,2,2016/2017,0,2
Wed 28 Jan 18:05  finished,6770,Al-Ahli,1317,Al-Hilal,1,16,2008/2009,0,1
Thu 05 Mar 18:25  finished,6774,Al-Shabab,1317,Al-Hilal,1,21,2008/2009,1,1
Sun 09 Dec 17:35  finished,1316,Al-Ittihad,1317,Al-Hilal,1,10,2012/2013,1,2
Thu 19 Jan 18:00  finished,6770,Al-Ahli,1317,Al-Hilal,1,17,2011/2012,1,0
Wed 13 Jan 17:55  finished,6772,Al-Fateh,1317,Al-Hilal,1,17,2009/2010,0,4
Sun 29 Aug 21:15  finished,6847,Al-Wahda,1317,Al-Hilal,1,4,2010/2011,1,3
Sun 07 Oct 19:00  finished,6847,Al-Wahda,1317,Al-Hilal,1,9,2012/2013,1,2
Sun 05 Mar 18:30  finished,1316,Al-Ittihad,1317,Al-Hilal,1,20,2016/2017,1,3
Thu 22 Sep 19:25  finished,6775,Al-Quadisiya,1317,Al-Hilal,1,4,2016/2017,1,2
Fri 23 Jan 18:00  finished,6780,Al-Nassr,1317,Al-Hilal,1,19,2008/2009,0,2
Wed 04 Jan 17:50  finished,6774,Al-Shabab,1317,Al-Hilal,1,15,2011/2012,0,0
Mon 23 Mar 18:25  finished,6847,Al-Wahda,1317,Al-Hilal,1,18,2008/2009,0,1
Sat 28 Jan 18:15  finished,5680,Al-Ittifaq,1317,Al-Hilal,1,16,2016/2017,0,1
Thu 09 Feb 18:15  finished,6777,Al-Faisaly,1317,Al-Hilal,1,18,2016/2017,0,2
Fri 14 Dec 12:55  finished,6772,Al-Fateh,1317,Al-Hilal,1,15,2012/2013,2,1
Sun 24 Jan 18:00  finished,6846,Al-Hazm,1317,Al-Hilal,1,19,2009/2010,0,2
Mon 12 Mar 18:25  finished,6773,Al-Raed,1317,Al-Hilal,1,21,2011/2012,1,1
Wed 28 Oct 17:45  finished,6773,Al-Raed,1317,Al-Hilal,1,7,2009/2010,0,2
Fri 25 Nov 18:00  finished,6770,Al-Ahli,1317,Al-Hilal,1,10,2016/2017,1,2
Thu 29 Mar 19:30  finished,6772,Al-Fateh,1317,Al-Hilal,1,24,2011/2012,0,5
Sat 05 Nov 18:00  finished,6772,Al-Fateh,1317,Al-Hilal,1,8,2016/2017,0,1
Sun 18 Oct 18:50  finished,6770,Al-Ahli,1317,Al-Hilal,1,5,2009/2010,1,2
Sat 21 Nov 17:35  finished,5680,Al-Ittifaq,1317,Al-Hilal,1,9,2009/2010,0,2
Thu 31 Dec 13:20  finished,6780,Al-Nassr,1317,Al-Hilal,1,15,2009/2010,2,1
Sat 10 Nov 17:40  finished,6778,Al-Taawon,1317,Al-Hilal,1,12,2012/2013,1,4
Tue 14 Feb 18:20  finished,1316,Al-Ittihad,1317,Al-Hilal,1,20,2011/2012,0,2
Fri 16 Dec 18:00  finished,6780,Al-Nassr,1317,Al-Hilal,1,13,2016/2017,1,1
Wed 19 Aug 19:45  finished,6775,Al-Quadisiya,1317,Al-Hilal,1,1,2009/2010,1,2
Wed 21 Dec 15:40  finished,9623,Al-Baten,1317,Al-Hilal,1,14,2016/2017,0,2
Thu 24 Sep 19:10  finished,6847,Al-Wahda,1317,Al-Hilal,1,3,2009/2010,1,2
Fri 09 Mar 18:30  finished,5680,Al-Ittifaq,1317,Al-Hilal,1,24,2017/2018,2,1
Mon 18 Feb 18:15  finished,6774,Al-Shabab,1317,Al-Hilal,1,20,2012/2013,3,2
Sun 03 Mar 18:25  finished,6773,Al-Raed,1317,Al-Hilal,1,21,2012/2013,1,2
Mon 15 Dec 17:40  finished,6773,Al-Raed,1317,Al-Hilal,1,13,2008/2009,0,2
Thu 04 Dec 17:40  finished,1316,Al-Ittihad,1317,Al-Hilal,1,11,2008/2009,0,0
Thu 15 Dec 17:35  finished,5680,Al-Ittifaq,1317,Al-Hilal,1,13,2011/2012,2,2
Fri 25 Jan 17:55  finished,5680,Al-Ittifaq,1317,Al-Hilal,1,17,2012/2013,2,2
Sat 07 Apr 19:40  finished,6770,Al-Ahli,1317,Al-Hilal,1,25,2017/2018,0,0
Sun 24 Apr 20:15  finished,6770,Al-Ahli,1317,Al-Hilal,1,24,2015/2016,3,1
Sun 14 Mar 18:30  finished,6774,Al-Shabab,1317,Al-Hilal,1,21,2009/2010,1,2
Sat 22 Nov 17:40  finished,5680,Al-Ittifaq,1317,Al-Hilal,1,9,2008/2009,0,2
Thu 18 Mar 18:30  finished,1316,Al-Ittihad,1317,Al-Hilal,1,22,2009/2010,2,1
Sun 14 Apr 19:35  finished,6777,Al-Faisaly,1317,Al-Hilal,1,24,2012/2013,0,1
Thu 13 Mar 18:20  finished,6774,Al-Shabab,5680,Al-Ittifaq,1,19,2007/2008,2,1
Sat 28 Dec 13:15  finished,1317,Al-Hilal,5680,Al-Ittifaq,1,15,2013/2014,5,1
Tue 24 Aug 21:00  finished,6774,Al-Shabab,5680,Al-Ittifaq,1,3,2010/2011,2,1
Sat 29 Apr 19:50  finished,6775,Al-Quadisiya,5680,Al-Ittifaq,1,25,2016/2017,1,1
Sun 13 Apr 19:30  finished,6780,Al-Nassr,5680,Al-Ittifaq,1,22,2007/2008,0,3
Sat 07 Dec 13:10  finished,6777,Al-Faisaly,5680,Al-Ittifaq,1,12,2013/2014,0,3
Tue 01 Nov 17:45  finished,6770,Al-Ahli,5680,Al-Ittifaq,1,8,2011/2012,0,0
Thu 13 Apr 18:00  finished,6777,Al-Faisaly,5680,Al-Ittifaq,1,23,2016/2017,3,3
Fri 21 Oct 18:50  finished,6780,Al-Nassr,5680,Al-Ittifaq,1,6,2011/2012,1,3
Wed 08 Oct 19:00  finished,6774,Al-Shabab,5680,Al-Ittifaq,1,4,2008/2009,1,0
Fri 06 Apr 19:40  finished,1316,Al-Ittihad,5680,Al-Ittifaq,1,25,2017/2018,4,2
Sat 24 Aug 19:40  finished,6773,Al-Raed,5680,Al-Ittifaq,1,1,2013/2014,2,1
Fri 17 Feb 18:25  finished,6847,Al-Wahda,5680,Al-Ittifaq,1,19,2016/2017,2,1
Fri 09 Dec 13:10  finished,6777,Al-Faisaly,5680,Al-Ittifaq,1,12,2011/2012,1,4
Tue 04 Nov 17:45  finished,6770,Al-Ahli,5680,Al-Ittifaq,1,7,2008/2009,1,1
Wed 06 Nov 17:45  finished,6780,Al-Nassr,5680,Al-Ittifaq,1,9,2013/2014,2,2
Wed 30 Nov 17:35  finished,6774,Al-Shabab,5680,Al-Ittifaq,1,11,2011/2012,1,0
Mon 27 Aug 19:40  finished,1317,Al-Hilal,5680,Al-Ittifaq,1,4,2012/2013,1,1
Sat 14 Aug 21:15  finished,1316,Al-Ittihad,5680,Al-Ittifaq,1,1,2010/2011,2,1
Fri 01 Nov 17:40  finished,1316,Al-Ittihad,5680,Al-Ittifaq,1,8,2013/2014,1,1
Thu 18 Sep 21:15  finished,6846,Al-Hazm,5680,Al-Ittifaq,1,2,2008/2009,1,1
Fri 16 Feb 13:55  finished,6773,Al-Raed,5680,Al-Ittifaq,1,22,2017/2018,0,1
Wed 22 Sep 19:15  finished,6847,Al-Wahda,5680,Al-Ittifaq,1,6,2010/2011,0,1
Sat 21 Sep 19:15  finished,6778,Al-Taawon,5680,Al-Ittifaq,1,4,2013/2014,2,2
Thu 11 Nov 17:35  finished,6775,Al-Quadisiya,5680,Al-Ittifaq,1,13,2010/2011,0,3
Sat 30 Sep 17:30  finished,6777,Al-Faisaly,5680,Al-Ittifaq,1,5,2017/2018,3,0
Fri 15 Dec 17:40  finished,6770,Al-Ahli,5680,Al-Ittifaq,1,14,2017/2018,4,1
Thu 18 Oct 18:45  finished,1316,Al-Ittihad,5680,Al-Ittifaq,1,7,2007/2008,1,0
Sun 10 Dec 15:50  finished,6778,Al-Taawon,5680,Al-Ittifaq,1,13,2017/2018,4,0
Sat 29 Sep 21:15  finished,6846,Al-Hazm,5680,Al-Ittifaq,1,6,2007/2008,1,2
Sun 13 Jan 17:55  finished,6775,Al-Quadisiya,5680,Al-Ittifaq,1,16,2007/2008,0,2
Sun 06 Apr 19:35  finished,6770,Al-Ahli,5680,Al-Ittifaq,1,26,2013/2014,2,1
Mon 08 Jan 17:55  finished,1317,Al-Hilal,5680,Al-Ittifaq,1,11,2017/2018,1,1
Wed 25 Oct 17:05  finished,10483,Al-Feiha,5680,Al-Ittifaq,1,8,2017/2018,1,2
Wed 15 Dec 17:40  finished,6770,Al-Ahli,5680,Al-Ittifaq,1,15,2010/2011,5,1
Fri 11 Feb 18:15  finished,6777,Al-Faisaly,5680,Al-Ittifaq,1,17,2010/2011,1,0
Tue 06 Nov 17:45  finished,6770,Al-Ahli,5680,Al-Ittifaq,1,2,2007/2008,2,2
Thu 17 Mar 18:30  finished,6772,Al-Fateh,5680,Al-Ittifaq,1,20,2010/2011,1,0
Wed 21 Feb 18:20  finished,6775,Al-Quadisiya,5680,Al-Ittifaq,1,16,2017/2018,1,2
Mon 29 Jan 16:15  finished,9623,Al-Baten,5680,Al-Ittifaq,1,19,2017/2018,1,1
Thu 28 Jan 18:10  finished,1317,Al-Hilal,5680,Al-Ittifaq,1,20,2009/2010,1,0
Fri 24 Jan 13:35  finished,6774,Al-Shabab,5680,Al-Ittifaq,1,19,2013/2014,0,0
Fri 18 Jan 17:45  finished,6847,Al-Wahda,5680,Al-Ittifaq,1,14,2007/2008,1,2
Sun 14 Jan 16:05  finished,6774,Al-Shabab,5680,Al-Ittifaq,1,17,2017/2018,3,1
Fri 01 Oct 19:05  finished,1317,Al-Hilal,5680,Al-Ittifaq,1,8,2010/2011,1,0
Thu 21 Apr 19:40  finished,6846,Al-Hazm,5680,Al-Ittifaq,1,23,2010/2011,1,4
Fri 18 Aug 19:50  finished,6780,Al-Nassr,5680,Al-Ittifaq,1,2,2017/2018,2,2
Thu 28 Oct 18:45  finished,6780,Al-Nassr,5680,Al-Ittifaq,1,11,2010/2011,2,1
Sat 16 Oct 18:55  finished,6773,Al-Raed,5680,Al-Ittifaq,1,9,2010/2011,0,3
Sun 23 Mar 18:25  finished,6772,Al-Fateh,5680,Al-Ittifaq,1,24,2013/2014,2,0
Sun 15 May 19:50  finished,6778,Al-Taawon,5680,Al-Ittifaq,1,25,2010/2011,0,1
Mon 10 Dec 17:30  finished,1317,Al-Hilal,5680,Al-Ittifaq,1,9,2007/2008,2,0
Fri 09 Sep 19:30  finished,6775,Al-Quadisiya,5680,Al-Ittifaq,1,1,2011/2012,0,1
Sat 05 Dec 17:35  finished,6775,Al-Quadisiya,5680,Al-Ittifaq,1,10,2009/2010,1,1
Wed 18 Apr 19:40  finished,6773,Al-Raed,5680,Al-Ittifaq,1,23,2011/2012,1,2
Fri 02 Dec 17:40  finished,1316,Al-Ittihad,5680,Al-Ittifaq,1,11,2016/2017,4,1
Thu 09 Mar 16:50  finished,6778,Al-Taawon,5680,Al-Ittifaq,1,21,2016/2017,1,0
Tue 03 Nov 17:40  finished,6774,Al-Shabab,5680,Al-Ittifaq,1,8,2009/2010,4,1
Sun 29 Mar 19:30  finished,6847,Al-Wahda,5680,Al-Ittifaq,1,8,2008/2009,1,0
Sun 20 Dec 17:40  finished,6780,Al-Nassr,5680,Al-Ittifaq,1,13,2009/2010,1,0
Fri 16 Mar 18:25  finished,6778,Al-Taawon,5680,Al-Ittifaq,1,22,2011/2012,1,0
Fri 16 Sep 19:45  finished,1317,Al-Hilal,5680,Al-Ittifaq,1,3,2016/2017,1,2
Mon 27 Feb 18:20  finished,6772,Al-Fateh,5680,Al-Ittifaq,1,20,2011/2012,2,1
Thu 27 Dec 13:25  finished,6778,Al-Taawon,5680,Al-Ittifaq,1,16,2012/2013,1,1
Thu 15 Dec 15:50  finished,6774,Al-Shabab,5680,Al-Ittifaq,1,13,2016/2017,1,1
Wed 13 Feb 18:15  finished,6777,Al-Faisaly,5680,Al-Ittifaq,1,19,2012/2013,2,3
Thu 22 Dec 17:45  finished,6770,Al-Ahli,5680,Al-Ittifaq,1,14,2016/2017,4,1
Thu 06 Dec 17:35  finished,6847,Al-Wahda,5680,Al-Ittifaq,1,14,2012/2013,0,3
Mon 08 Mar 18:30  finished,6773,Al-Raed,5680,Al-Ittifaq,1,5,2009/2010,0,0
Fri 28 Oct 17:00  finished,6773,Al-Raed,5680,Al-Ittifaq,1,7,2016/2017,2,0
Fri 20 Oct 16:50  finished,6772,Al-Fateh,5680,Al-Ittifaq,1,7,2017/2018,1,1
Wed 19 Aug 19:45  finished,6847,Al-Wahda,5680,Al-Ittifaq,1,1,2009/2010,2,2
Thu 16 Nov 17:40  finished,9624,Ohod,5680,Al-Ittifaq,1,10,2017/2018,1,0
Fri 25 Sep 19:10  finished,6770,Al-Ahli,5680,Al-Ittifaq,1,3,2009/2010,2,0
Mon 06 Aug 21:20  finished,1316,Al-Ittihad,5680,Al-Ittifaq,1,2,2012/2013,3,0
Sat 14 Apr 19:40  finished,1317,Al-Hilal,5680,Al-Ittifaq,1,26,2011/2012,3,3
Mon 26 Nov 17:35  finished,6770,Al-Ahli,5680,Al-Ittifaq,1,8,2012/2013,0,2
Thu 05 Mar 18:25  finished,1316,Al-Ittihad,5680,Al-Ittifaq,1,21,2008/2009,3,0
Sat 04 Apr 19:35  finished,1317,Al-Hilal,5680,Al-Ittifaq,1,20,2008/2009,2,0
Wed 21 Nov 17:35  finished,6772,Al-Fateh,5680,Al-Ittifaq,1,13,2012/2013,1,0
Fri 14 Oct 16:55  finished,6772,Al-Fateh,5680,Al-Ittifaq,1,5,2016/2017,0,0
Thu 18 Apr 19:40  finished,6773,Al-Raed,5680,Al-Ittifaq,1,25,2012/2013,1,1
Thu 02 Feb 13:35  finished,9623,Al-Baten,5680,Al-Ittifaq,1,17,2016/2017,2,0
Thu 04 Dec 17:40  finished,6773,Al-Raed,5680,Al-Ittifaq,1,11,2008/2009,1,2
Sun 14 Apr 19:35  finished,6774,Al-Shabab,5680,Al-Ittifaq,1,24,2012/2013,3,1
Sun 01 Jan 17:50  finished,6780,Al-Nassr,5680,Al-Ittifaq,1,15,2016/2017,2,0
Thu 12 Jan 17:55  finished,1316,Al-Ittihad,5680,Al-Ittifaq,1,16,2011/2012,0,1
Tue 19 Jan 18:00  finished,1316,Al-Ittihad,5680,Al-Ittifaq,1,18,2009/2010,1,1
Fri 01 Jan 17:45  finished,6772,Al-Fateh,5680,Al-Ittifaq,1,15,2009/2010,0,3
Thu 14 Jan 17:55  finished,6846,Al-Hazm,5680,Al-Ittifaq,1,17,2009/2010,0,2
Fri 19 Dec 13:10  finished,6780,Al-Nassr,5680,Al-Ittifaq,1,14,2008/2009,1,0
Mon 18 Feb 18:15  finished,6780,Al-Nassr,5680,Al-Ittifaq,1,20,2012/2013,2,0
Fri 29 Mar 18:35  finished,1317,Al-Hilal,1316,Al-Ittihad,1,23,2012/2013,4,2
Wed 10 Nov 17:35  finished,6780,Al-Nassr,1316,Al-Ittihad,1,13,2010/2011,2,2
Thu 10 Dec 17:35  finished,1317,Al-Hilal,1316,Al-Ittihad,1,11,2009/2010,5,0
Sat 25 Oct 19:00  finished,6780,Al-Nassr,1316,Al-Ittihad,1,8,2014/2015,2,1
Wed 02 Nov 17:45  finished,6775,Al-Quadisiya,1316,Al-Ittihad,1,8,2011/2012,0,8
Mon 26 Dec 17:45  finished,1317,Al-Hilal,1316,Al-Ittihad,1,7,2011/2012,1,1
Tue 18 Aug 19:45  finished,6772,Al-Fateh,1316,Al-Ittihad,1,1,2009/2010,1,2
Sat 22 Aug 21:15  finished,6773,Al-Raed,1316,Al-Ittihad,1,3,2009/2010,0,2
Thu 08 Dec 13:05  finished,6780,Al-Nassr,1316,Al-Ittihad,1,12,2011/2012,1,3
Fri 20 Sep 19:15  finished,1317,Al-Hilal,1316,Al-Ittihad,1,4,2013/2014,5,2
Fri 26 Sep 19:15  finished,6773,Al-Raed,1316,Al-Ittihad,1,6,2014/2015,0,1
Sat 19 Dec 17:40  finished,6775,Al-Quadisiya,1316,Al-Ittihad,1,13,2009/2010,3,3
Sun 20 Mar 18:30  finished,1317,Al-Hilal,1316,Al-Ittihad,1,20,2010/2011,0,0
Mon 23 Nov 17:35  finished,6774,Al-Shabab,1316,Al-Ittihad,1,9,2009/2010,1,0
Fri 17 Oct 18:55  finished,6770,Al-Ahli,1316,Al-Ittihad,1,8,2008/2009,1,2
Thu 29 Mar 19:30  finished,6770,Al-Ahli,1316,Al-Ittihad,1,24,2011/2012,0,1
Tue 01 Dec 17:35  finished,5680,Al-Ittifaq,1316,Al-Ittihad,1,7,2009/2010,2,1
Thu 02 Aug 21:20  finished,6773,Al-Raed,1316,Al-Ittihad,1,1,2012/2013,2,2
Sat 12 Feb 18:15  finished,6846,Al-Hazm,1316,Al-Ittihad,1,17,2010/2011,0,3
Fri 10 Dec 17:35  finished,5680,Al-Ittifaq,1316,Al-Ittihad,1,14,2010/2011,2,2
Wed 26 Nov 17:40  finished,5680,Al-Ittifaq,1316,Al-Ittihad,1,10,2008/2009,1,1
Mon 26 Aug 19:40  finished,6774,Al-Shabab,1316,Al-Ittihad,1,1,2013/2014,1,4
Fri 20 Aug 21:00  finished,6777,Al-Faisaly,1316,Al-Ittihad,1,2,2010/2011,0,2
Fri 05 Dec 13:15  finished,6778,Al-Taawon,1316,Al-Ittihad,1,11,2014/2015,4,3
Thu 12 Feb 16:30  finished,6777,Al-Faisaly,1316,Al-Ittihad,1,15,2014/2015,0,3
Thu 23 Aug 19:40  finished,6780,Al-Nassr,1316,Al-Ittihad,1,3,2012/2013,0,1
Fri 06 Feb 16:05  finished,6772,Al-Fateh,1316,Al-Ittihad,1,14,2014/2015,2,2
Thu 20 Sep 21:15  finished,6780,Al-Nassr,1316,Al-Ittihad,1,4,2007/2008,1,5
Fri 19 Dec 18:15  finished,6770,Al-Ahli,1316,Al-Ittihad,1,13,2014/2015,1,1
Sat 17 Nov 17:35  finished,6772,Al-Fateh,1316,Al-Ittihad,1,8,2012/2013,2,1
Thu 15 Mar 18:25  finished,6777,Al-Faisaly,1316,Al-Ittihad,1,22,2011/2012,0,1
Tue 25 Sep 21:15  finished,6846,Al-Hazm,1316,Al-Ittihad,1,5,2007/2008,1,2
Thu 15 Oct 18:50  finished,6846,Al-Hazm,1316,Al-Ittihad,1,5,2009/2010,1,2
Thu 02 Jan 13:05  finished,6772,Al-Fateh,1316,Al-Ittihad,1,16,2013/2014,1,1
Sat 10 Nov 17:40  finished,6774,Al-Shabab,1316,Al-Ittihad,1,12,2012/2013,2,2
Fri 24 Jan 18:10  finished,6770,Al-Ahli,1316,Al-Ittihad,1,19,2013/2014,2,1
Sun 15 May 19:50  finished,6774,Al-Shabab,1316,Al-Ittihad,1,25,2010/2011,1,1
Mon 18 Feb 18:10  finished,6775,Al-Quadisiya,1316,Al-Ittihad,1,14,2007/2008,1,3
Thu 16 Jan 13:40  finished,6778,Al-Taawon,1316,Al-Ittihad,1,18,2013/2014,1,1
Wed 04 Jan 17:50  finished,6772,Al-Fateh,1316,Al-Ittihad,1,15,2011/2012,3,2
Thu 14 Jan 17:55  finished,6847,Al-Wahda,1316,Al-Ittihad,1,17,2009/2010,1,3
Fri 29 Oct 18:45  finished,6775,Al-Quadisiya,1316,Al-Ittihad,1,11,2010/2011,1,1
Fri 22 Feb 18:10  finished,5680,Al-Ittifaq,1316,Al-Ittihad,1,18,2007/2008,1,2
Thu 16 Sep 19:20  finished,6770,Al-Ahli,1316,Al-Ittihad,1,5,2010/2011,1,3
Sun 03 Oct 19:05  finished,6778,Al-Taawon,1316,Al-Ittihad,1,8,2010/2011,0,1
Wed 28 Jan 18:05  finished,6774,Al-Shabab,1316,Al-Ittihad,1,16,2008/2009,0,4
Mon 25 Nov 17:35  finished,6773,Al-Raed,1316,Al-Ittihad,1,10,2013/2014,1,4
Fri 25 Jan 13:40  finished,6777,Al-Faisaly,1316,Al-Ittihad,1,17,2012/2013,0,2
Fri 14 Oct 18:55  finished,6774,Al-Shabab,1316,Al-Ittihad,1,5,2011/2012,2,2
Tue 20 Sep 17:20  finished,5680,Al-Ittifaq,1316,Al-Ittihad,1,3,2011/2012,1,0
Fri 14 Dec 17:40  finished,5680,Al-Ittifaq,1316,Al-Ittihad,1,15,2012/2013,0,0
Sat 29 Dec 17:35  finished,6847,Al-Wahda,1316,Al-Ittihad,1,21,2007/2008,0,1
Sat 31 Dec 17:45  finished,6778,Al-Taawon,1316,Al-Ittihad,1,14,2011/2012,2,1
Wed 08 Oct 19:00  finished,6780,Al-Nassr,1316,Al-Ittihad,1,4,2008/2009,2,2
Sun 10 Apr 19:35  finished,6847,Al-Wahda,1316,Al-Ittihad,1,22,2010/2011,1,2
Sat 01 Dec 17:30  finished,1317,Al-Hilal,1316,Al-Ittihad,1,11,2007/2008,0,0
Sun 12 Apr 19:40  finished,1317,Al-Hilal,1316,Al-Ittihad,1,22,2008/2009,1,2
Sun 24 Jan 18:00  finished,6780,Al-Nassr,1316,Al-Ittihad,1,19,2009/2010,0,1
Thu 25 Oct 18:50  finished,6770,Al-Ahli,1316,Al-Ittihad,1,8,2007/2008,0,2
Sun 07 Oct 19:00  finished,6778,Al-Taawon,1316,Al-Ittihad,1,9,2012/2013,3,3
Thu 11 Dec 13:15  finished,6773,Al-Raed,1316,Al-Ittihad,1,12,2008/2009,0,2
Tue 11 Dec 17:30  finished,6774,Al-Shabab,1316,Al-Ittihad,1,9,2007/2008,3,2
Wed 22 Sep 19:15  finished,6773,Al-Raed,1316,Al-Ittihad,1,6,2010/2011,1,2
Sun 14 Mar 18:30  finished,6770,Al-Ahli,1316,Al-Ittihad,1,21,2009/2010,0,1
Sat 20 Dec 13:15  finished,6846,Al-Hazm,1316,Al-Ittihad,1,14,2008/2009,3,3
Sun 23 Mar 18:25  finished,6780,Al-Nassr,1316,Al-Ittihad,1,24,2013/2014,3,1
Wed 20 Oct 18:50  finished,6772,Al-Fateh,1316,Al-Ittihad,1,10,2010/2011,0,0
Fri 07 Feb 18:20  finished,5680,Al-Ittifaq,1316,Al-Ittihad,1,21,2013/2014,2,5
Sat 04 Apr 19:35  finished,6847,Al-Wahda,1316,Al-Ittihad,1,20,2008/2009,1,3
Thu 14 Feb 18:15  finished,6770,Al-Ahli,1316,Al-Ittihad,1,19,2012/2013,1,1
Fri 25 Oct 18:45  finished,6777,Al-Faisaly,1316,Al-Ittihad,1,7,2013/2014,3,0
Tue 07 Feb 18:15  finished,6773,Al-Raed,1316,Al-Ittihad,1,19,2011/2012,2,0
Thu 21 Feb 18:20  finished,6847,Al-Wahda,1316,Al-Ittihad,1,20,2012/2013,2,1
Thu 23 Nov 17:40  finished,6780,Al-Nassr,1316,Al-Ittihad,1,11,2017/2018,1,0
Tue 30 Jan 14:05  finished,9624,Ohod,1316,Al-Ittihad,1,19,2017/2018,0,1
Tue 14 Mar 16:40  finished,9623,Al-Baten,1316,Al-Ittihad,1,21,2016/2017,0,1
Sat 26 Nov 17:50  finished,6775,Al-Quadisiya,1316,Al-Ittihad,1,10,2016/2017,0,3
Mon 14 Dec 18:00  finished,6780,Al-Nassr,1316,Al-Ittihad,1,12,2015/2016,3,0
Sat 13 Jan 18:00  finished,1317,Al-Hilal,1316,Al-Ittihad,1,17,2017/2018,1,1
Sat 21 Oct 18:55  finished,6770,Al-Ahli,1316,Al-Ittihad,1,7,2017/2018,3,0
Sat 27 Feb 18:45  finished,1317,Al-Hilal,1316,Al-Ittihad,1,18,2015/2016,0,1
Thu 30 Nov 17:40  finished,5680,Al-Ittifaq,1316,Al-Ittihad,1,12,2017/2018,1,2
Thu 27 Aug 20:00  finished,6773,Al-Raed,1316,Al-Ittihad,1,2,2015/2016,0,2
Tue 03 Nov 15:40  finished,6772,Al-Fateh,1316,Al-Ittihad,1,6,2015/2016,1,1
Sun 18 Sep 19:45  finished,6847,Al-Wahda,1316,Al-Ittihad,1,3,2016/2017,3,5
Thu 04 May 19:50  finished,6772,Al-Fateh,1316,Al-Ittihad,1,26,2016/2017,4,1
Fri 07 Apr 19:40  finished,6780,Al-Nassr,1316,Al-Ittihad,1,22,2016/2017,1,1
Wed 01 Nov 17:45  finished,6772,Al-Fateh,1316,Al-Ittihad,1,9,2017/2018,1,2
Sat 10 Dec 17:45  finished,6777,Al-Faisaly,1316,Al-Ittihad,1,12,2016/2017,2,4
Fri 21 Apr 19:45  finished,5680,Al-Ittifaq,1316,Al-Ittihad,1,24,2016/2017,1,4
Sat 17 Oct 16:50  finished,6775,Al-Quadisiya,1316,Al-Ittihad,1,4,2015/2016,1,3
Sat 16 Apr 20:10  finished,6774,Al-Shabab,1316,Al-Ittihad,1,23,2015/2016,1,2
Sat 18 Feb 18:25  finished,6774,Al-Shabab,1316,Al-Ittihad,1,19,2016/2017,0,2
Sat 19 Aug 19:50  finished,10483,Al-Feiha,1316,Al-Ittihad,1,2,2017/2018,2,5
Fri 23 Sep 19:45  finished,6770,Al-Ahli,1316,Al-Ittihad,1,4,2016/2017,1,1
Fri 09 Feb 18:20  finished,6775,Al-Quadisiya,1316,Al-Ittihad,1,21,2017/2018,0,0
Fri 15 Sep 19:25  finished,6777,Al-Faisaly,1316,Al-Ittihad,1,3,2017/2018,2,1
Fri 17 Apr 20:10  finished,1317,Al-Hilal,1316,Al-Ittihad,1,23,2014/2015,3,0
Sat 16 Dec 15:45  finished,9623,Al-Baten,1316,Al-Ittihad,1,14,2017/2018,1,2
Thu 28 Sep 19:15  finished,6778,Al-Taawon,1316,Al-Ittihad,1,5,2017/2018,1,2
Sat 11 Feb 18:15  finished,6778,Al-Taawon,1316,Al-Ittihad,1,18,2016/2017,1,2
Sat 02 Apr 20:00  finished,6770,Al-Ahli,1316,Al-Ittihad,1,21,2015/2016,4,2
Sat 13 Feb 16:30  finished,6777,Al-Faisaly,1316,Al-Ittihad,1,16,2015/2016,1,3
Fri 28 Oct 19:00  finished,1317,Al-Hilal,1316,Al-Ittihad,1,7,2016/2017,0,2
Fri 13 May 20:00  finished,6778,Al-Taawon,1316,Al-Ittihad,1,26,2015/2016,2,1
Thu 11 Aug 20:05  finished,6773,Al-Raed,1316,Al-Ittihad,1,1,2016/2017,2,3
Fri 25 Dec 18:00  finished,6847,Al-Wahda,1316,Al-Ittihad,1,7,2015/2016,0,2
Thu 01 Mar 18:30  finished,6774,Al-Shabab,1316,Al-Ittihad,1,23,2017/2018,3,0
Thu 12 Apr 18:05  finished,6773,Al-Raed,1316,Al-Ittihad,1,26,2017/2018,3,1
Sun 10 May 20:00  finished,6774,Al-Shabab,1316,Al-Ittihad,1,25,2014/2015,3,4
Sun 08 Apr 19:35  finished,1316,Al-Ittihad,6780,Al-Nassr,1,25,2011/2012,1,1
Fri 28 Dec 17:45  finished,1316,Al-Ittihad,6780,Al-Nassr,1,16,2012/2013,1,1
Mon 23 Mar 18:25  finished,6846,Al-Hazm,6780,Al-Nassr,1,18,2008/2009,1,0
Sat 17 Nov 17:35  finished,5680,Al-Ittifaq,6780,Al-Nassr,1,7,2012/2013,1,3
Thu 08 Feb 18:20  finished,1317,Al-Hilal,6780,Al-Nassr,1,21,2017/2018,2,2
Thu 11 Jan 18:00  finished,10483,Al-Feiha,6780,Al-Nassr,1,17,2017/2018,1,0
Mon 27 Aug 19:40  finished,6778,Al-Taawon,6780,Al-Nassr,1,4,2012/2013,1,2
Sat 04 Apr 19:35  finished,6774,Al-Shabab,6780,Al-Nassr,1,20,2008/2009,2,1
Tue 29 Sep 19:05  finished,1317,Al-Hilal,6780,Al-Nassr,1,4,2009/2010,2,2
Thu 26 Jan 18:15  finished,6775,Al-Quadisiya,6780,Al-Nassr,1,16,2016/2017,3,2
Sat 29 Oct 18:50  finished,6777,Al-Faisaly,6780,Al-Nassr,1,7,2016/2017,1,2
Tue 24 Aug 21:15  finished,6778,Al-Taawon,6780,Al-Nassr,1,3,2010/2011,2,2
Sat 18 Oct 18:55  finished,1317,Al-Hilal,6780,Al-Nassr,1,8,2008/2009,2,1
Fri 22 Dec 18:30  finished,5680,Al-Ittifaq,6780,Al-Nassr,1,15,2017/2018,3,2
Sun 24 Oct 18:50  finished,1317,Al-Hilal,6780,Al-Nassr,1,10,2010/2011,1,1
Fri 20 Sep 19:15  finished,6773,Al-Raed,6780,Al-Nassr,1,4,2013/2014,0,3
Thu 02 Aug 21:00  finished,6772,Al-Fateh,6780,Al-Nassr,1,1,2012/2013,1,1
Mon 25 Nov 17:35  finished,1317,Al-Hilal,6780,Al-Nassr,1,10,2013/2014,1,2
Thu 10 Mar 18:30  finished,1317,Al-Hilal,6780,Al-Nassr,1,20,2015/2016,2,0
Fri 09 Dec 17:55  finished,6774,Al-Shabab,6780,Al-Nassr,1,12,2016/2017,1,1
Thu 11 Dec 17:35  finished,6770,Al-Ahli,6780,Al-Nassr,1,12,2008/2009,2,0
Tue 25 Aug 21:15  finished,5680,Al-Ittifaq,6780,Al-Nassr,1,2,2009/2010,1,1
Thu 23 Sep 19:15  finished,6775,Al-Quadisiya,6780,Al-Nassr,1,6,2010/2011,1,3
Tue 30 Jan 16:25  finished,6778,Al-Taawon,6780,Al-Nassr,1,19,2017/2018,1,0
Sat 19 Dec 18:15  finished,6774,Al-Shabab,6780,Al-Nassr,1,13,2015/2016,1,0
Fri 29 Nov 17:35  finished,1316,Al-Ittihad,6780,Al-Nassr,1,11,2013/2014,0,3
Sun 14 Mar 18:30  finished,6772,Al-Fateh,6780,Al-Nassr,1,21,2009/2010,0,2
Sun 25 Mar 19:30  finished,1317,Al-Hilal,6780,Al-Nassr,1,23,2011/2012,1,0
Sat 15 Oct 19:00  finished,6847,Al-Wahda,6780,Al-Nassr,1,5,2016/2017,0,3
Mon 19 Jan 18:00  finished,1316,Al-Ittihad,6780,Al-Nassr,1,15,2008/2009,1,0
Sat 07 Apr 17:40  finished,6772,Al-Fateh,6780,Al-Nassr,1,25,2017/2018,1,1
Sat 05 Mar 16:45  finished,6777,Al-Faisaly,6780,Al-Nassr,1,19,2015/2016,2,2
Sat 10 Mar 18:45  finished,1316,Al-Ittihad,6780,Al-Nassr,1,24,2017/2018,1,3
Thu 16 Sep 19:20  finished,6777,Al-Faisaly,6780,Al-Nassr,1,5,2010/2011,1,1
Sat 02 Oct 19:05  finished,6773,Al-Raed,6780,Al-Nassr,1,8,2010/2011,1,1
Mon 06 Feb 18:15  finished,5680,Al-Ittifaq,6780,Al-Nassr,1,19,2011/2012,2,0
Sat 31 Aug 19:35  finished,6770,Al-Ahli,6780,Al-Nassr,1,2,2013/2014,0,0
Sat 02 Nov 17:40  finished,6777,Al-Faisaly,6780,Al-Nassr,1,8,2013/2014,0,2
Fri 25 Nov 15:50  finished,6778,Al-Taawon,6780,Al-Nassr,1,10,2016/2017,2,1
Sun 20 Nov 17:55  finished,1316,Al-Ittihad,6780,Al-Nassr,1,9,2016/2017,0,1
Wed 21 Dec 17:45  finished,6772,Al-Fateh,6780,Al-Nassr,1,14,2016/2017,1,2
Thu 04 May 19:50  finished,1317,Al-Hilal,6780,Al-Nassr,1,26,2016/2017,5,1
Mon 21 Jan 18:00  finished,6770,Al-Ahli,6780,Al-Nassr,1,12,2012/2013,2,1
Thu 22 Nov 17:35  finished,6777,Al-Faisaly,6780,Al-Nassr,1,13,2012/2013,1,2
Fri 16 Sep 19:25  finished,6770,Al-Ahli,6780,Al-Nassr,1,2,2011/2012,2,0
Sun 17 Sep 19:25  finished,6770,Al-Ahli,6780,Al-Nassr,1,3,2017/2018,1,1
Thu 19 Oct 18:55  finished,9624,Ohod,6780,Al-Nassr,1,7,2017/2018,2,2
Mon 10 Dec 17:30  finished,6775,Al-Quadisiya,6780,Al-Nassr,1,9,2007/2008,0,2
Fri 19 Dec 13:15  finished,6774,Al-Shabab,6780,Al-Nassr,1,13,2014/2015,0,3
Sun 20 Mar 18:30  finished,6847,Al-Wahda,6780,Al-Nassr,1,20,2010/2011,1,3
Sat 12 Feb 18:15  finished,6774,Al-Shabab,6780,Al-Nassr,1,17,2010/2011,2,0
Sat 12 Aug 19:55  finished,6777,Al-Faisaly,6780,Al-Nassr,1,1,2017/2018,1,3
Wed 06 Jan 17:50  finished,6775,Al-Quadisiya,6780,Al-Nassr,1,16,2009/2010,0,2
Fri 28 Aug 17:45  finished,6775,Al-Quadisiya,6780,Al-Nassr,1,2,2015/2016,2,2
Sat 01 Dec 17:30  finished,5680,Al-Ittifaq,6780,Al-Nassr,1,11,2007/2008,1,4
Mon 04 Dec 15:40  finished,9623,Al-Baten,6780,Al-Nassr,1,9,2017/2018,1,1
Fri 14 Dec 17:30  finished,1317,Al-Hilal,6780,Al-Nassr,1,13,2007/2008,1,1
Sat 09 Apr 17:40  finished,6772,Al-Fateh,6780,Al-Nassr,1,22,2015/2016,2,1
Thu 22 Sep 19:20  finished,6777,Al-Faisaly,6780,Al-Nassr,1,3,2011/2012,1,1
Sun 10 May 20:00  finished,1317,Al-Hilal,6780,Al-Nassr,1,25,2014/2015,0,1
Fri 29 Apr 19:40  finished,5680,Al-Ittifaq,6780,Al-Nassr,1,24,2010/2011,3,0
Fri 24 Aug 19:35  finished,6774,Al-Shabab,6780,Al-Nassr,1,1,2007/2008,1,1
Sat 04 Apr 20:10  finished,1316,Al-Ittihad,6780,Al-Nassr,1,21,2014/2015,1,3
Sun 10 Apr 19:35  finished,6770,Al-Ahli,6780,Al-Nassr,1,22,2010/2011,0,0
Sun 26 Apr 20:00  finished,6777,Al-Faisaly,6780,Al-Nassr,1,24,2014/2015,1,5
Sun 08 May 20:00  finished,1316,Al-Ittihad,6780,Al-Nassr,1,25,2015/2016,0,5
Wed 09 Dec 17:35  finished,6773,Al-Raed,6780,Al-Nassr,1,11,2009/2010,0,0
Fri 20 May 19:55  finished,1316,Al-Ittihad,6780,Al-Nassr,1,26,2010/2011,5,2
Sun 30 Sep 21:15  finished,6770,Al-Ahli,6780,Al-Nassr,1,6,2007/2008,0,3
Tue 15 Dec 17:40  finished,6846,Al-Hazm,6780,Al-Nassr,1,12,2009/2010,2,2
Wed 30 Jan 18:05  finished,1317,Al-Hilal,6780,Al-Nassr,1,18,2012/2013,0,1
Fri 25 Dec 13:15  finished,6774,Al-Shabab,6780,Al-Nassr,1,14,2009/2010,3,2
Sat 28 Feb 16:20  finished,6772,Al-Fateh,6780,Al-Nassr,1,17,2014/2015,1,1
Wed 12 Dec 17:35  finished,6773,Al-Raed,6780,Al-Nassr,1,15,2012/2013,0,2
Fri 29 Sep 19:15  finished,6774,Al-Shabab,6780,Al-Nassr,1,5,2017/2018,0,1
Thu 30 Oct 17:45  finished,6778,Al-Taawon,6780,Al-Nassr,1,9,2014/2015,0,1
Sun 06 Apr 19:35  finished,6778,Al-Taawon,6780,Al-Nassr,1,26,2013/2014,1,1
Wed 18 Jan 18:00  finished,6772,Al-Fateh,6780,Al-Nassr,1,17,2011/2012,0,1
Fri 28 Mar 18:35  finished,6774,Al-Shabab,6780,Al-Nassr,1,25,2013/2014,1,1
Thu 18 Sep 21:15  finished,6847,Al-Wahda,6780,Al-Nassr,1,2,2008/2009,1,2
Sat 09 Dec 17:40  finished,6775,Al-Quadisiya,6780,Al-Nassr,1,13,2017/2018,3,2
Fri 17 Feb 18:25  finished,6770,Al-Ahli,6780,Al-Nassr,1,19,2016/2017,0,2
Sat 04 Oct 19:00  finished,5680,Al-Ittifaq,6780,Al-Nassr,1,3,2008/2009,1,1
Wed 09 Apr 19:30  finished,6846,Al-Hazm,6780,Al-Nassr,1,21,2007/2008,1,1
Wed 03 Nov 17:40  finished,6846,Al-Hazm,6780,Al-Nassr,1,12,2010/2011,2,5
Fri 16 Dec 17:35  finished,6775,Al-Quadisiya,6780,Al-Nassr,1,13,2011/2012,2,1
Fri 14 Feb 18:25  finished,5680,Al-Ittifaq,6780,Al-Nassr,1,22,2013/2014,1,2
Sun 12 Oct 18:55  finished,6773,Al-Raed,6780,Al-Nassr,1,5,2008/2009,0,1
Fri 30 Dec 13:25  finished,6773,Al-Raed,6780,Al-Nassr,1,14,2011/2012,1,4
Fri 05 Oct 19:00  finished,6774,Al-Shabab,6780,Al-Nassr,1,9,2012/2013,2,1
Sat 21 Nov 15:55  finished,6778,Al-Taawon,6780,Al-Nassr,1,8,2015/2016,3,3
Thu 03 Dec 15:50  finished,6773,Al-Raed,6780,Al-Nassr,1,10,2015/2016,0,0
Tue 19 Jan 18:00  finished,6847,Al-Wahda,6780,Al-Nassr,1,18,2009/2010,0,2
Wed 02 Nov 17:45  finished,6774,Al-Shabab,6780,Al-Nassr,1,8,2011/2012,2,2
Fri 21 Apr 18:05  finished,9623,Al-Baten,6780,Al-Nassr,1,24,2016/2017,4,3
Sat 21 Nov 17:35  finished,6770,Al-Ahli,6780,Al-Nassr,1,9,2009/2010,3,3
Sat 18 Oct 18:55  finished,6770,Al-Ahli,6780,Al-Nassr,1,7,2014/2015,2,1
Fri 17 Nov 17:40  finished,6773,Al-Raed,6780,Al-Nassr,1,10,2017/2018,0,5
Thu 03 Jan 17:35  finished,1316,Al-Ittihad,6780,Al-Nassr,1,15,2007/2008,4,0
Sun 10 Jan 17:50  finished,1316,Al-Ittihad,6780,Al-Nassr,1,8,2009/2010,1,2
Thu 01 Dec 13:15  finished,6778,Al-Taawon,6780,Al-Nassr,1,11,2011/2012,1,2
Wed 15 Dec 17:40  finished,6772,Al-Fateh,6780,Al-Nassr,1,15,2010/2011,1,1
Tue 28 Jan 18:15  finished,6772,Al-Fateh,6780,Al-Nassr,1,20,2013/2014,1,2
Sun 03 Mar 18:25  finished,6847,Al-Wahda,6780,Al-Nassr,1,21,2012/2013,1,1
Fri 22 Feb 18:10  finished,6847,Al-Wahda,6780,Al-Nassr,1,18,2007/2008,1,1
Sat 20 Aug 20:05  finished,5680,Al-Ittifaq,6780,Al-Nassr,1,2,2016/2017,1,0
Tue 14 Mar 18:35  finished,6773,Al-Raed,6780,Al-Nassr,1,21,2016/2017,0,1
Sat 23 Aug 19:45  finished,6773,Al-Raed,6780,Al-Nassr,1,2,2014/2015,1,2
Thu 29 Oct 18:15  finished,6847,Al-Wahda,6780,Al-Nassr,1,5,2015/2016,0,2
Sun 18 Oct 19:30  finished,6770,Al-Ahli,6780,Al-Nassr,1,4,2015/2016,4,2
Thu 29 Nov 17:30  finished,6770,Al-Ahli,6775,Al-Quadisiya,1,11,2007/2008,0,0
Thu 06 Dec 17:30  finished,6847,Al-Wahda,6775,Al-Quadisiya,1,12,2007/2008,2,1
Thu 14 Dec 15:55  finished,6773,Al-Raed,6775,Al-Quadisiya,1,14,2017/2018,1,1
Fri 18 Sep 17:45  finished,6778,Al-Taawon,6775,Al-Quadisiya,1,3,2015/2016,5,1
Sat 04 Mar 16:45  finished,6778,Al-Taawon,6775,Al-Quadisiya,1,20,2016/2017,1,3
Thu 29 Dec 17:45  finished,5680,Al-Ittifaq,6775,Al-Quadisiya,1,14,2011/2012,3,2
Thu 02 Feb 18:20  finished,1317,Al-Hilal,6775,Al-Quadisiya,1,17,2016/2017,1,1
Tue 02 Nov 17:40  finished,1317,Al-Hilal,6775,Al-Quadisiya,1,12,2010/2011,0,0
Sun 06 Mar 18:25  finished,6780,Al-Nassr,6775,Al-Quadisiya,1,19,2010/2011,0,0
Fri 22 Apr 19:40  finished,6773,Al-Raed,6775,Al-Quadisiya,1,23,2010/2011,1,4
Fri 29 Apr 19:40  finished,1316,Al-Ittihad,6775,Al-Quadisiya,1,24,2010/2011,2,2
Thu 14 Sep 19:25  finished,5680,Al-Ittifaq,6775,Al-Quadisiya,1,3,2017/2018,1,2
Sat 30 Sep 19:15  finished,1317,Al-Hilal,6775,Al-Quadisiya,1,5,2017/2018,2,1
Sat 19 Aug 18:05  finished,6774,Al-Shabab,6775,Al-Quadisiya,1,2,2017/2018,4,1
Fri 20 May 19:55  finished,5680,Al-Ittifaq,6775,Al-Quadisiya,1,26,2010/2011,1,0
Fri 14 Sep 21:15  finished,1316,Al-Ittihad,6775,Al-Quadisiya,1,3,2007/2008,1,0
Fri 13 Oct 16:55  finished,6772,Al-Fateh,6775,Al-Quadisiya,1,6,2017/2018,2,1
Wed 25 Oct 18:50  finished,1316,Al-Ittihad,6775,Al-Quadisiya,1,8,2017/2018,0,0
Tue 25 Sep 21:15  finished,5680,Al-Ittifaq,6775,Al-Quadisiya,1,5,2007/2008,5,1
Fri 01 Dec 16:15  finished,9624,Ohod,6775,Al-Quadisiya,1,12,2017/2018,2,1
Sat 12 Feb 18:15  finished,6778,Al-Taawon,6775,Al-Quadisiya,1,17,2010/2011,1,1
Fri 14 Oct 18:55  finished,6772,Al-Fateh,6775,Al-Quadisiya,1,5,2011/2012,1,6
Fri 21 Apr 18:10  finished,6773,Al-Raed,6775,Al-Quadisiya,1,24,2016/2017,2,1
Thu 05 May 19:45  finished,6847,Al-Wahda,6775,Al-Quadisiya,1,15,2010/2011,0,0
Fri 14 Apr 19:45  finished,1316,Al-Ittihad,6775,Al-Quadisiya,1,23,2016/2017,4,2
Fri 18 Nov 17:35  finished,6773,Al-Raed,6775,Al-Quadisiya,1,9,2011/2012,1,0
Fri 24 Nov 17:40  finished,6770,Al-Ahli,6775,Al-Quadisiya,1,11,2017/2018,3,0
Fri 25 Nov 17:35  finished,6770,Al-Ahli,6775,Al-Quadisiya,1,10,2011/2012,2,1
Fri 18 Mar 18:30  finished,6777,Al-Faisaly,6775,Al-Quadisiya,1,20,2010/2011,2,1
Sun 22 Nov 17:35  finished,6846,Al-Hazm,6775,Al-Quadisiya,1,9,2009/2010,1,1
Sun 30 Mar 19:25  finished,6780,Al-Nassr,6775,Al-Quadisiya,1,20,2007/2008,0,1
Sun 24 Jan 18:00  finished,6773,Al-Raed,6775,Al-Quadisiya,1,19,2009/2010,2,0
Wed 13 Jan 17:55  finished,6770,Al-Ahli,6775,Al-Quadisiya,1,17,2009/2010,3,2
Sat 17 Sep 19:45  finished,6780,Al-Nassr,6775,Al-Quadisiya,1,3,2016/2017,1,0
Fri 01 Jan 17:45  finished,6847,Al-Wahda,6775,Al-Quadisiya,1,15,2009/2010,2,1
Thu 11 Aug 18:10  finished,6774,Al-Shabab,6775,Al-Quadisiya,1,1,2016/2017,0,0
Tue 15 Dec 17:40  finished,1317,Al-Hilal,6775,Al-Quadisiya,1,12,2009/2010,2,1
Thu 03 Dec 18:00  finished,6847,Al-Wahda,6775,Al-Quadisiya,1,10,2015/2016,1,0
Thu 24 Dec 18:00  finished,6770,Al-Ahli,6775,Al-Quadisiya,1,7,2015/2016,2,0
Tue 03 Nov 15:55  finished,1317,Al-Hilal,6775,Al-Quadisiya,1,6,2015/2016,1,0
Thu 22 Sep 19:20  finished,6774,Al-Shabab,6775,Al-Quadisiya,1,3,2011/2012,1,0
Mon 05 Oct 18:50  finished,6780,Al-Nassr,6775,Al-Quadisiya,1,5,2009/2010,3,0
Sun 03 Apr 20:00  finished,6774,Al-Shabab,6775,Al-Quadisiya,1,21,2015/2016,0,2
Wed 26 Aug 21:15  finished,1316,Al-Ittihad,6775,Al-Quadisiya,1,2,2009/2010,7,1
Thu 28 Jan 16:15  finished,6777,Al-Faisaly,6775,Al-Quadisiya,1,14,2015/2016,1,0
Fri 26 Feb 16:40  finished,6773,Al-Raed,6775,Al-Quadisiya,1,18,2015/2016,2,1
Thu 18 Feb 18:40  finished,1316,Al-Ittihad,6775,Al-Quadisiya,1,17,2015/2016,1,1
Mon 25 Apr 17:45  finished,6772,Al-Fateh,6775,Al-Quadisiya,1,24,2015/2016,2,2
Fri 13 Apr 19:40  finished,6780,Al-Nassr,6775,Al-Quadisiya,1,26,2011/2012,3,2
Thu 29 Dec 16:00  finished,6777,Al-Faisaly,6775,Al-Quadisiya,1,15,2016/2017,3,2
Sun 03 Oct 19:05  finished,6770,Al-Ahli,6775,Al-Quadisiya,1,8,2010/2011,2,1
Sat 13 Jan 13:25  finished,6777,Al-Faisaly,6775,Al-Quadisiya,1,17,2017/2018,2,0
Mon 06 Feb 18:15  finished,1317,Al-Hilal,6775,Al-Quadisiya,1,19,2011/2012,3,0
Fri 04 Jan 17:35  finished,6846,Al-Hazm,6775,Al-Quadisiya,1,15,2007/2008,2,0
Wed 14 Dec 17:45  finished,6847,Al-Wahda,6775,Al-Quadisiya,1,13,2016/2017,2,5
Sun 11 Mar 18:25  finished,1316,Al-Ittihad,6775,Al-Quadisiya,1,21,2011/2012,1,0
Fri 09 Dec 15:30  finished,5680,Al-Ittifaq,6775,Al-Quadisiya,1,12,2016/2017,2,2
Sat 18 Dec 17:40  finished,6774,Al-Shabab,6775,Al-Quadisiya,1,5,2010/2011,3,1
Thu 24 Jan 18:00  finished,6774,Al-Shabab,6775,Al-Quadisiya,1,17,2007/2008,2,1
Fri 22 Feb 18:10  finished,1317,Al-Hilal,6775,Al-Quadisiya,1,18,2007/2008,0,0
Thu 12 Apr 17:55  finished,6780,Al-Nassr,6775,Al-Quadisiya,1,26,2017/2018,2,1
Sun 01 Apr 19:30  finished,6777,Al-Faisaly,6775,Al-Quadisiya,1,24,2011/2012,2,2
Thu 19 Jan 13:40  finished,6778,Al-Taawon,6775,Al-Quadisiya,1,17,2011/2012,2,2
Wed 28 Oct 17:45  finished,6772,Al-Fateh,6775,Al-Quadisiya,1,7,2009/2010,5,0
Fri 18 Nov 15:35  finished,6772,Al-Fateh,6775,Al-Quadisiya,1,9,2016/2017,1,1
Thu 04 Feb 16:20  finished,6780,Al-Nassr,6775,Al-Quadisiya,1,15,2015/2016,0,0
Tue 24 Aug 21:15  finished,6846,Al-Hazm,6775,Al-Quadisiya,1,3,2010/2011,2,2
Thu 15 Feb 16:40  finished,6778,Al-Taawon,6775,Al-Quadisiya,1,22,2017/2018,1,1
Fri 21 Oct 17:00  finished,9623,Al-Baten,6775,Al-Quadisiya,1,6,2016/2017,1,1
Sat 14 Aug 20:45  finished,6772,Al-Fateh,6775,Al-Quadisiya,1,1,2010/2011,1,3
Fri 02 Mar 16:40  finished,9623,Al-Baten,6775,Al-Quadisiya,1,23,2017/2018,3,4
Thu 18 Mar 18:30  finished,6774,Al-Shabab,6775,Al-Quadisiya,1,22,2009/2010,0,1
Sat 15 Oct 19:00  finished,6770,Al-Ahli,6775,Al-Quadisiya,1,5,2016/2017,2,0
Sun 14 Mar 18:30  finished,5680,Al-Ittifaq,6775,Al-Quadisiya,1,21,2009/2010,0,2
Sun 04 Feb 13:40  finished,10483,Al-Feiha,6775,Al-Quadisiya,1,20,2017/2018,2,0
Thu 13 Apr 19:45  finished,6774,Al-Shabab,6773,Al-Raed,1,23,2016/2017,1,2
Tue 01 Nov 17:45  finished,1317,Al-Hilal,6773,Al-Raed,1,8,2011/2012,2,0
Sun 08 Jan 17:50  finished,1316,Al-Ittihad,6773,Al-Raed,1,6,2011/2012,1,1
Fri 29 Apr 19:40  finished,1317,Al-Hilal,6773,Al-Raed,1,24,2010/2011,2,1
Thu 24 Dec 17:40  finished,1316,Al-Ittihad,6773,Al-Raed,1,14,2009/2010,3,2
Fri 09 Nov 17:40  finished,5680,Al-Ittifaq,6773,Al-Raed,1,12,2012/2013,1,0
Thu 24 Nov 17:35  finished,5680,Al-Ittifaq,6773,Al-Raed,1,10,2011/2012,1,1
Sun 04 Nov 17:40  finished,6847,Al-Wahda,6773,Al-Raed,1,11,2012/2013,0,1
Thu 11 Nov 17:35  finished,6770,Al-Ahli,6773,Al-Raed,1,13,2010/2011,1,2
Fri 16 Sep 17:45  finished,6778,Al-Taawon,6773,Al-Raed,1,3,2016/2017,2,1
Thu 07 Jan 17:50  finished,5680,Al-Ittifaq,6773,Al-Raed,1,16,2009/2010,3,0
Fri 11 Aug 18:00  finished,6775,Al-Quadisiya,6773,Al-Raed,1,1,2017/2018,2,1
Fri 15 Sep 17:25  finished,6772,Al-Fateh,6773,Al-Raed,1,3,2017/2018,1,0
Tue 31 Oct 15:35  finished,5680,Al-Ittifaq,6773,Al-Raed,1,9,2017/2018,2,0
Thu 26 Oct 17:00  finished,9623,Al-Baten,6773,Al-Raed,1,8,2017/2018,1,5
Thu 22 Sep 19:20  finished,6772,Al-Fateh,6773,Al-Raed,1,3,2011/2012,0,0
Sun 15 May 19:50  finished,6777,Al-Faisaly,6773,Al-Raed,1,25,2010/2011,1,3
Thu 07 Apr 19:35  finished,5680,Al-Ittifaq,6773,Al-Raed,1,22,2010/2011,2,2
Mon 07 Mar 18:25  finished,1316,Al-Ittihad,6773,Al-Raed,1,19,2010/2011,3,0
Sat 30 Sep 19:15  finished,6770,Al-Ahli,6773,Al-Raed,1,5,2017/2018,5,3
Tue 04 Dec 17:35  finished,1316,Al-Ittihad,6773,Al-Raed,1,14,2012/2013,2,2
Sat 10 Sep 19:30  finished,6780,Al-Nassr,6773,Al-Raed,1,1,2011/2012,1,0
Fri 01 Apr 19:35  finished,6780,Al-Nassr,6773,Al-Raed,1,21,2010/2011,1,0
Wed 22 Dec 17:40  finished,6847,Al-Wahda,6773,Al-Raed,1,16,2010/2011,2,3
Sat 14 Aug 21:00  finished,6774,Al-Shabab,6773,Al-Raed,1,1,2010/2011,0,2
Tue 19 Jan 18:00  finished,1317,Al-Hilal,6773,Al-Raed,1,18,2009/2010,2,1
Fri 09 Dec 17:55  finished,6770,Al-Ahli,6773,Al-Raed,1,12,2016/2017,1,0
Tue 30 Jan 18:10  finished,1317,Al-Hilal,6773,Al-Raed,1,19,2017/2018,2,1
Sat 17 Mar 18:25  finished,6775,Al-Quadisiya,6773,Al-Raed,1,22,2011/2012,0,1
Fri 09 Mar 17:10  finished,9624,Ohod,6773,Al-Raed,1,24,2017/2018,1,3
Fri 17 Sep 19:30  finished,6778,Al-Taawon,6773,Al-Raed,1,5,2010/2011,1,0
Mon 27 Sep 19:10  finished,6846,Al-Hazm,6773,Al-Raed,1,7,2010/2011,0,0
Sat 03 Mar 16:35  finished,6780,Al-Nassr,6773,Al-Raed,1,23,2017/2018,4,3
Fri 06 Apr 19:40  finished,10483,Al-Feiha,6773,Al-Raed,1,25,2017/2018,3,3
Sun 04 Feb 16:20  finished,6774,Al-Shabab,6773,Al-Raed,1,20,2017/2018,0,0
Tue 28 Aug 19:40  finished,6772,Al-Fateh,6773,Al-Raed,1,4,2012/2013,2,1
Sun 29 Aug 20:45  finished,6772,Al-Fateh,6773,Al-Raed,1,4,2010/2011,1,1
Fri 13 Apr 19:40  finished,6778,Al-Taawon,6773,Al-Raed,1,26,2011/2012,0,2
Sun 20 Nov 17:45  finished,1317,Al-Hilal,6773,Al-Raed,1,9,2016/2017,2,1
Mon 06 Aug 21:15  finished,6780,Al-Nassr,6773,Al-Raed,1,2,2012/2013,4,0
Fri 02 Dec 15:25  finished,6775,Al-Quadisiya,6773,Al-Raed,1,11,2016/2017,3,0
Wed 01 Feb 16:05  finished,6772,Al-Fateh,6773,Al-Raed,1,17,2016/2017,3,1
Wed 18 Jan 18:00  finished,6774,Al-Shabab,6773,Al-Raed,1,17,2011/2012,3,2
Thu 02 Mar 18:30  finished,5680,Al-Ittifaq,6773,Al-Raed,1,20,2016/2017,0,1
Thu 03 Nov 17:50  finished,6780,Al-Nassr,6773,Al-Raed,1,8,2016/2017,3,1
Thu 08 Dec 17:35  finished,6770,Al-Ahli,6773,Al-Raed,1,12,2011/2012,1,0
Fri 17 Feb 16:35  finished,6777,Al-Faisaly,6773,Al-Raed,1,19,2016/2017,1,1
Thu 18 Mar 18:30  finished,6780,Al-Nassr,6773,Al-Raed,1,22,2009/2010,4,2
Wed 04 Jan 17:50  finished,6777,Al-Faisaly,6773,Al-Raed,1,15,2011/2012,2,1
Sat 09 Dec 17:40  finished,1316,Al-Ittihad,6773,Al-Raed,1,13,2017/2018,2,1
Fri 14 Oct 17:10  finished,9623,Al-Baten,6773,Al-Raed,1,5,2016/2017,4,0
Thu 21 Oct 18:50  finished,6775,Al-Quadisiya,6773,Al-Raed,1,10,2010/2011,1,1
Fri 28 Sep 19:10  finished,1317,Al-Hilal,6773,Al-Raed,1,8,2012/2013,6,0
Fri 30 Dec 17:50  finished,6847,Al-Wahda,6773,Al-Raed,1,15,2016/2017,2,1
Fri 12 Jan 16:15  finished,6778,Al-Taawon,6773,Al-Raed,1,17,2017/2018,2,2
Fri 23 Dec 17:45  finished,1316,Al-Ittihad,6773,Al-Raed,1,14,2016/2017,3,2
Thu 21 Dec 15:55  finished,6777,Al-Faisaly,6773,Al-Raed,1,15,2017/2018,2,2
Thu 29 Oct 15:40  finished,6775,Al-Quadisiya,6773,Al-Raed,1,5,2015/2016,1,1
Sat 13 Sep 21:15  finished,1316,Al-Ittihad,6773,Al-Raed,1,1,2008/2009,5,1
Fri 15 Aug 19:50  finished,6777,Al-Faisaly,6773,Al-Raed,1,1,2014/2015,1,0
Sat 05 Oct 19:05  finished,1317,Al-Hilal,6773,Al-Raed,1,6,2013/2014,1,2
Wed 09 Dec 18:00  finished,6778,Al-Taawon,6773,Al-Raed,1,11,2015/2016,2,0
Wed 30 Sep 19:05  finished,6846,Al-Hazm,6773,Al-Raed,1,4,2009/2010,2,1
Thu 19 Dec 17:45  finished,5680,Al-Ittifaq,6773,Al-Raed,1,14,2013/2014,0,1
Fri 17 Oct 18:50  finished,6847,Al-Wahda,6773,Al-Raed,1,10,2008/2009,3,1
Thu 07 Apr 20:00  finished,6847,Al-Wahda,6773,Al-Raed,1,22,2015/2016,3,1
Thu 31 Oct 17:40  finished,6770,Al-Ahli,6773,Al-Raed,1,8,2013/2014,0,0
Thu 04 Feb 18:30  finished,1316,Al-Ittihad,6773,Al-Raed,1,15,2015/2016,6,2
Thu 18 Sep 21:15  finished,1317,Al-Hilal,6773,Al-Raed,1,2,2008/2009,2,0
Fri 20 Nov 15:50  finished,6777,Al-Faisaly,6773,Al-Raed,1,8,2015/2016,2,2
Thu 13 Feb 18:25  finished,6777,Al-Faisaly,6773,Al-Raed,1,22,2013/2014,3,2
Sat 14 Feb 18:30  finished,6780,Al-Nassr,6773,Al-Raed,1,15,2014/2015,2,2
Sat 20 Feb 16:15  finished,6772,Al-Fateh,6773,Al-Raed,1,17,2015/2016,1,0
Wed 22 Oct 18:45  finished,6774,Al-Shabab,6773,Al-Raed,1,6,2008/2009,1,4
Sun 15 Mar 18:35  finished,1316,Al-Ittihad,6773,Al-Raed,1,19,2014/2015,3,1
Sat 30 Nov 13:15  finished,6778,Al-Taawon,6773,Al-Raed,1,11,2013/2014,2,1
Sat 04 Apr 19:35  finished,6770,Al-Ahli,6773,Al-Raed,1,20,2008/2009,3,2
Thu 22 Oct 18:45  finished,6774,Al-Shabab,6773,Al-Raed,1,6,2009/2010,2,0
Thu 12 Sep 19:25  finished,6774,Al-Shabab,6773,Al-Raed,1,3,2013/2014,5,2
Fri 21 Feb 18:20  finished,1316,Al-Ittihad,6773,Al-Raed,1,23,2013/2014,1,2
Wed 08 Oct 19:00  finished,6846,Al-Hazm,6773,Al-Raed,1,4,2008/2009,1,0
Tue 18 Aug 19:45  finished,6770,Al-Ahli,6773,Al-Raed,1,1,2009/2010,1,0
Fri 03 Apr 19:45  finished,6770,Al-Ahli,6773,Al-Raed,1,21,2014/2015,1,0
Sun 12 Apr 19:40  finished,5680,Al-Ittifaq,6773,Al-Raed,1,22,2008/2009,1,1
Sat 22 Aug 20:00  finished,6774,Al-Shabab,6773,Al-Raed,1,1,2015/2016,3,1
Wed 13 Feb 18:15  finished,6774,Al-Shabab,6773,Al-Raed,1,19,2012/2013,2,2
Mon 14 Dec 18:00  finished,6770,Al-Ahli,6773,Al-Raed,1,12,2015/2016,3,1
Thu 31 Jan 13:45  finished,6778,Al-Taawon,6773,Al-Raed,1,18,2012/2013,2,2
Sat 28 Feb 18:30  finished,6778,Al-Taawon,6773,Al-Raed,1,17,2014/2015,3,1
Fri 28 Dec 13:20  finished,6777,Al-Faisaly,6773,Al-Raed,1,16,2012/2013,2,2
Thu 30 Oct 17:45  finished,6774,Al-Shabab,6773,Al-Raed,1,9,2014/2015,0,0
Fri 05 Dec 17:35  finished,1317,Al-Hilal,6773,Al-Raed,1,11,2014/2015,3,1
Fri 06 Dec 12:55  finished,6772,Al-Fateh,6773,Al-Raed,1,12,2013/2014,2,2
Mon 02 Nov 17:40  finished,6775,Al-Quadisiya,6773,Al-Raed,1,8,2009/2010,0,0
Fri 15 Apr 17:55  finished,6780,Al-Nassr,6773,Al-Raed,1,23,2015/2016,1,2
Sat 19 Dec 17:40  finished,6772,Al-Fateh,6773,Al-Raed,1,13,2009/2010,2,0
Fri 10 Jan 13:25  finished,6780,Al-Nassr,6773,Al-Raed,1,17,2013/2014,3,0
Wed 28 Jan 18:05  finished,6780,Al-Nassr,6773,Al-Raed,1,16,2008/2009,1,0
Fri 17 Oct 16:50  finished,6772,Al-Fateh,6773,Al-Raed,1,7,2014/2015,3,2
Fri 04 Dec 17:35  finished,6847,Al-Wahda,6773,Al-Raed,1,10,2009/2010,4,1
Thu 28 Mar 18:35  finished,6770,Al-Ahli,6773,Al-Raed,1,23,2012/2013,1,2
Sun 20 Sep 17:35  finished,1317,Al-Hilal,6773,Al-Raed,1,3,2015/2016,1,0
Wed 01 Feb 16:25  finished,6778,Al-Taawon,6774,Al-Shabab,1,17,2016/2017,2,0
Fri 20 Dec 17:45  finished,1316,Al-Ittihad,6774,Al-Shabab,1,14,2013/2014,1,1
Wed 07 Mar 18:30  finished,6780,Al-Nassr,6774,Al-Shabab,1,18,2017/2018,1,0
Wed 21 Dec 15:30  finished,6775,Al-Quadisiya,6774,Al-Shabab,1,14,2016/2017,1,1
Tue 14 Feb 18:20  finished,6778,Al-Taawon,6774,Al-Shabab,1,20,2011/2012,1,2
Fri 20 May 19:55  finished,6777,Al-Faisaly,6774,Al-Shabab,1,26,2010/2011,0,1
Thu 02 Jan 17:55  finished,6773,Al-Raed,6774,Al-Shabab,1,16,2013/2014,0,0
Wed 27 Dec 15:50  finished,9623,Al-Baten,6774,Al-Shabab,1,16,2017/2018,0,1
Thu 02 Feb 18:10  finished,1316,Al-Ittihad,6774,Al-Shabab,1,18,2011/2012,0,2
Fri 04 Dec 18:00  finished,1316,Al-Ittihad,6774,Al-Shabab,1,10,2015/2016,2,1
Fri 11 Dec 18:00  finished,6847,Al-Wahda,6774,Al-Shabab,1,11,2015/2016,2,1
Sat 22 Nov 17:40  finished,6780,Al-Nassr,6774,Al-Shabab,1,9,2008/2009,0,0
Thu 12 Jan 17:55  finished,6775,Al-Quadisiya,6774,Al-Shabab,1,16,2011/2012,1,2
Wed 26 Nov 17:40  finished,1317,Al-Hilal,6774,Al-Shabab,1,10,2008/2009,2,0
Fri 10 Jan 13:05  finished,6772,Al-Fateh,6774,Al-Shabab,1,17,2013/2014,2,1
Mon 05 Nov 17:45  finished,6775,Al-Quadisiya,6774,Al-Shabab,1,6,2007/2008,2,5
Tue 26 Oct 18:50  finished,6770,Al-Ahli,6774,Al-Shabab,1,10,2010/2011,1,2
Fri 27 Jan 18:15  finished,6770,Al-Ahli,6774,Al-Shabab,1,16,2016/2017,3,1
Thu 23 Dec 17:40  finished,5680,Al-Ittifaq,6774,Al-Shabab,1,16,2010/2011,1,0
Sun 23 Mar 18:25  finished,6770,Al-Ahli,6774,Al-Shabab,1,24,2013/2014,1,1
Fri 17 Nov 17:40  finished,1316,Al-Ittihad,6774,Al-Shabab,1,10,2017/2018,1,1
Fri 17 Oct 18:55  finished,1317,Al-Hilal,6774,Al-Shabab,1,7,2014/2015,0,1
Thu 15 Sep 19:25  finished,1317,Al-Hilal,6774,Al-Shabab,1,2,2011/2012,0,2
Fri 24 Oct 18:50  finished,6777,Al-Faisaly,6774,Al-Shabab,1,8,2014/2015,1,3
Thu 03 Jan 17:35  finished,6847,Al-Wahda,6774,Al-Shabab,1,15,2007/2008,0,2
Fri 28 Dec 17:40  finished,6770,Al-Ahli,6774,Al-Shabab,1,14,2007/2008,1,3
Sat 08 Apr 19:40  finished,6847,Al-Wahda,6774,Al-Shabab,1,22,2016/2017,1,2
Wed 03 May 17:55  finished,5680,Al-Ittifaq,6774,Al-Shabab,1,26,2016/2017,0,1
Wed 17 Sep 19:20  finished,6770,Al-Ahli,6774,Al-Shabab,1,5,2014/2015,0,0
Wed 01 Nov 17:45  finished,1317,Al-Hilal,6774,Al-Shabab,1,9,2017/2018,1,1
Wed 05 Dec 17:30  finished,6780,Al-Nassr,6774,Al-Shabab,1,12,2007/2008,2,2
Thu 19 Oct 17:10  finished,6773,Al-Raed,6774,Al-Shabab,1,7,2017/2018,2,2
Fri 12 Dec 17:40  finished,1316,Al-Ittihad,6774,Al-Shabab,1,12,2014/2015,0,1
Thu 29 Sep 19:10  finished,6773,Al-Raed,6774,Al-Shabab,1,4,2011/2012,1,2
Fri 25 Feb 18:20  finished,6775,Al-Quadisiya,6774,Al-Shabab,1,18,2010/2011,1,1
Fri 15 May 20:00  finished,6780,Al-Nassr,6774,Al-Shabab,1,26,2014/2015,0,0
Sat 29 Apr 19:50  finished,6780,Al-Nassr,6774,Al-Shabab,1,25,2016/2017,1,0
Sat 23 Aug 19:45  finished,6772,Al-Fateh,6774,Al-Shabab,1,2,2014/2015,0,2
Sat 21 Nov 15:30  finished,6775,Al-Quadisiya,6774,Al-Shabab,1,8,2015/2016,0,1
Fri 15 Dec 16:15  finished,9624,Ohod,6774,Al-Shabab,1,14,2017/2018,0,2
Sun 12 Oct 18:55  finished,1316,Al-Ittihad,6774,Al-Shabab,1,5,2008/2009,2,1
Wed 03 Nov 17:40  finished,1316,Al-Ittihad,6774,Al-Shabab,1,12,2010/2011,2,2
Thu 18 Sep 21:15  finished,6770,Al-Ahli,6774,Al-Shabab,1,2,2008/2009,2,1
Thu 23 Nov 15:45  finished,10483,Al-Feiha,6774,Al-Shabab,1,11,2017/2018,3,1
Fri 30 Oct 15:40  finished,6772,Al-Fateh,6774,Al-Shabab,1,5,2015/2016,0,0
Thu 21 Dec 17:45  finished,6775,Al-Quadisiya,6774,Al-Shabab,1,15,2017/2018,1,2
Wed 09 Apr 19:30  finished,1317,Al-Hilal,6774,Al-Shabab,1,21,2007/2008,0,0
Sat 10 Sep 19:30  finished,6777,Al-Faisaly,6774,Al-Shabab,1,1,2011/2012,1,3
Sun 30 Mar 19:25  finished,1316,Al-Ittihad,6774,Al-Shabab,1,20,2007/2008,1,1
Thu 09 Dec 17:35  finished,6773,Al-Raed,6774,Al-Shabab,1,14,2010/2011,2,2
Sun 28 Oct 18:50  finished,5680,Al-Ittifaq,6774,Al-Shabab,1,8,2007/2008,0,0
Fri 18 Nov 17:35  finished,6772,Al-Fateh,6774,Al-Shabab,1,9,2011/2012,0,1
Fri 22 Feb 18:10  finished,6846,Al-Hazm,6774,Al-Shabab,1,18,2007/2008,0,0
Sat 04 Mar 16:25  finished,6772,Al-Fateh,6774,Al-Shabab,1,20,2016/2017,1,1
Tue 28 Aug 19:40  finished,6847,Al-Wahda,6774,Al-Shabab,1,4,2012/2013,2,5
Sun 10 Apr 19:35  finished,1317,Al-Hilal,6774,Al-Shabab,1,22,2010/2011,2,1
Thu 28 Jan 13:45  finished,6773,Al-Raed,6774,Al-Shabab,1,14,2015/2016,0,1
Thu 03 Dec 17:35  finished,1317,Al-Hilal,6774,Al-Shabab,1,10,2009/2010,2,2
Thu 20 Oct 19:15  finished,1316,Al-Ittihad,6774,Al-Shabab,1,6,2016/2017,0,1
Fri 01 Jan 17:45  finished,6770,Al-Ahli,6774,Al-Shabab,1,15,2009/2010,1,1
Fri 29 Apr 19:40  finished,6847,Al-Wahda,6774,Al-Shabab,1,24,2010/2011,1,2
Fri 06 Apr 19:40  finished,6778,Al-Taawon,6774,Al-Shabab,1,25,2017/2018,2,1
Wed 09 Dec 17:35  finished,6775,Al-Quadisiya,6774,Al-Shabab,1,11,2009/2010,0,3
Thu 03 Nov 15:55  finished,6777,Al-Faisaly,6774,Al-Shabab,1,8,2016/2017,0,1
Tue 07 Aug 21:15  finished,6777,Al-Faisaly,6774,Al-Shabab,1,2,2012/2013,1,3
Wed 13 Jan 17:55  finished,6773,Al-Raed,6774,Al-Shabab,1,17,2009/2010,1,1
Sun 06 Mar 18:45  finished,6770,Al-Ahli,6774,Al-Shabab,1,19,2015/2016,3,1
Wed 28 Oct 17:45  finished,6846,Al-Hazm,6774,Al-Shabab,1,7,2009/2010,1,2
Sat 20 Oct 18:50  finished,6778,Al-Taawon,6774,Al-Shabab,1,10,2012/2013,0,1
Sat 23 Sep 17:15  finished,5680,Al-Ittifaq,6774,Al-Shabab,1,4,2017/2018,2,3
Thu 01 Nov 17:40  finished,5680,Al-Ittifaq,6774,Al-Shabab,1,11,2012/2013,3,1
Thu 12 Apr 18:00  finished,6777,Al-Faisaly,6774,Al-Shabab,1,26,2017/2018,2,2
Sun 18 Oct 18:50  finished,6772,Al-Fateh,6774,Al-Shabab,1,5,2009/2010,2,1
Sat 15 Sep 19:25  finished,6773,Al-Raed,6774,Al-Shabab,1,6,2012/2013,0,1
Thu 07 Mar 18:25  finished,6780,Al-Nassr,6774,Al-Shabab,1,22,2012/2013,0,0
Thu 24 Sep 19:10  finished,6780,Al-Nassr,6774,Al-Shabab,1,3,2009/2010,0,2
Sat 09 Apr 20:00  finished,1317,Al-Hilal,6774,Al-Shabab,1,22,2015/2016,1,1
Sat 20 Aug 18:10  finished,9623,Al-Baten,6774,Al-Shabab,1,2,2016/2017,1,0
Thu 18 Apr 19:40  finished,1316,Al-Ittihad,6774,Al-Shabab,1,25,2012/2013,1,2
Thu 28 Jan 18:10  finished,1316,Al-Ittihad,6774,Al-Shabab,1,20,2009/2010,1,2
Mon 24 Sep 19:15  finished,1317,Al-Hilal,6774,Al-Shabab,1,7,2012/2013,3,0
Thu 19 Aug 21:15  finished,6778,Al-Taawon,6774,Al-Shabab,1,2,2010/2011,4,1
Sat 23 Jan 18:00  finished,5680,Al-Ittifaq,6774,Al-Shabab,1,19,2009/2010,0,0
Tue 30 Jan 18:10  finished,6770,Al-Ahli,6774,Al-Shabab,1,19,2017/2018,3,2
Fri 11 Mar 18:45  finished,6778,Al-Taawon,6774,Al-Shabab,1,20,2015/2016,4,0
Sat 26 Nov 15:55  finished,6773,Al-Raed,6774,Al-Shabab,1,10,2016/2017,2,2
Thu 29 Mar 19:30  finished,5680,Al-Ittifaq,6774,Al-Shabab,1,24,2011/2012,0,0
Fri 02 Dec 17:55  finished,1317,Al-Hilal,6774,Al-Shabab,1,11,2016/2017,3,0
Thu 27 Dec 17:45  finished,6770,Al-Ahli,6774,Al-Shabab,1,16,2012/2013,1,0
Fri 01 Nov 17:40  finished,1317,Al-Hilal,6774,Al-Shabab,1,8,2013/2014,4,1
Mon 19 Jan 18:00  finished,5680,Al-Ittifaq,6774,Al-Shabab,1,15,2008/2009,2,1
Sun 30 Nov 17:40  finished,6773,Al-Raed,6774,Al-Shabab,1,17,2008/2009,0,4
Fri 01 Apr 19:35  finished,6846,Al-Hazm,6774,Al-Shabab,1,21,2010/2011,0,4
Fri 19 Dec 17:40  finished,6847,Al-Wahda,6774,Al-Shabab,1,14,2008/2009,1,1
Sat 07 Dec 17:35  finished,6780,Al-Nassr,6774,Al-Shabab,1,12,2013/2014,3,2
Sun 07 Nov 17:40  finished,6772,Al-Fateh,6774,Al-Shabab,1,6,2010/2011,1,1
Thu 08 Mar 18:25  finished,6780,Al-Nassr,6774,Al-Shabab,1,21,2011/2012,1,2
Sun 20 Dec 17:40  finished,6847,Al-Wahda,6774,Al-Shabab,1,13,2009/2010,1,1
Sat 11 Apr 18:00  finished,6773,Al-Raed,6774,Al-Shabab,1,22,2014/2015,3,1
Fri 17 Apr 18:05  finished,6778,Al-Taawon,6774,Al-Shabab,1,23,2014/2015,1,1
Sat 10 Feb 16:15  finished,6772,Al-Fateh,6774,Al-Shabab,1,21,2017/2018,1,0
Thu 31 Jan 13:25  finished,6772,Al-Fateh,6774,Al-Shabab,1,18,2012/2013,1,2
Sat 28 Sep 19:10  finished,6777,Al-Faisaly,6774,Al-Shabab,1,5,2013/2014,0,0
Thu 07 Nov 17:45  finished,6778,Al-Taawon,6774,Al-Shabab,1,9,2013/2014,3,3
Fri 13 May 20:00  finished,6780,Al-Nassr,6774,Al-Shabab,1,26,2015/2016,1,2
Sat 14 Apr 19:40  finished,6770,Al-Ahli,6774,Al-Shabab,1,26,2011/2012,1,1
Sat 05 Oct 19:05  finished,5680,Al-Ittifaq,6774,Al-Shabab,1,6,2013/2014,0,1
Sat 28 Aug 21:00  finished,6780,Al-Nassr,6774,Al-Shabab,1,4,2010/2011,0,0
Fri 23 Jan 13:40  finished,6846,Al-Hazm,6774,Al-Shabab,1,19,2008/2009,1,1
Sun 08 May 20:00  finished,6777,Al-Faisaly,6774,Al-Shabab,1,25,2015/2016,0,0
Sun 15 Oct 19:00  finished,6780,Al-Nassr,6778,Al-Taawon,1,6,2017/2018,2,1
Sat 23 Sep 19:20  finished,6773,Al-Raed,6778,Al-Taawon,1,4,2017/2018,2,2
Fri 01 Apr 19:35  finished,1316,Al-Ittihad,6778,Al-Taawon,1,21,2010/2011,0,1
Sat 03 Feb 13:40  finished,6777,Al-Faisaly,6778,Al-Taawon,1,20,2017/2018,0,1
Thu 12 Apr 17:40  finished,5680,Al-Ittifaq,6778,Al-Taawon,1,26,2017/2018,3,2
Sun 15 Aug 21:00  finished,1317,Al-Hilal,6778,Al-Taawon,1,1,2010/2011,1,0
Thu 01 Mar 18:30  finished,6770,Al-Ahli,6778,Al-Taawon,1,23,2017/2018,5,1
Fri 09 Feb 16:55  finished,9624,Ohod,6778,Al-Taawon,1,21,2017/2018,1,0
Mon 05 Mar 18:30  finished,1316,Al-Ittihad,6778,Al-Taawon,1,18,2017/2018,2,5
Fri 25 Feb 18:20  finished,6773,Al-Raed,6778,Al-Taawon,1,18,2010/2011,0,0
Wed 01 Nov 15:35  finished,6775,Al-Quadisiya,6778,Al-Taawon,1,9,2017/2018,1,0
Wed 22 Dec 17:40  finished,6780,Al-Nassr,6778,Al-Taawon,1,16,2010/2011,2,2
Tue 14 Dec 17:40  finished,6774,Al-Shabab,6778,Al-Taawon,1,15,2010/2011,4,1
Sat 25 Nov 13:05  finished,9623,Al-Baten,6778,Al-Taawon,1,11,2017/2018,1,1
Sat 28 Aug 20:45  finished,6775,Al-Quadisiya,6778,Al-Taawon,1,4,2010/2011,4,1
Wed 03 Nov 17:40  finished,5680,Al-Ittifaq,6778,Al-Taawon,1,12,2010/2011,1,0
Fri 22 Oct 18:50  finished,6777,Al-Faisaly,6778,Al-Taawon,1,10,2010/2011,2,1
Sun 24 Dec 17:45  finished,1317,Al-Hilal,6778,Al-Taawon,1,15,2017/2018,1,0
Sat 16 Oct 18:55  finished,6846,Al-Hazm,6778,Al-Taawon,1,9,2010/2011,0,3
Tue 28 Sep 19:10  finished,6770,Al-Ahli,6778,Al-Taawon,1,7,2010/2011,1,1
Thu 30 Nov 15:45  finished,6774,Al-Shabab,6778,Al-Taawon,1,12,2017/2018,2,1
Fri 29 Mar 18:35  finished,6774,Al-Shabab,6778,Al-Taawon,1,23,2012/2013,2,1
Fri 16 Dec 13:15  finished,6773,Al-Raed,6778,Al-Taawon,1,13,2011/2012,2,0
Thu 16 Feb 16:15  finished,6772,Al-Fateh,6778,Al-Taawon,1,19,2016/2017,0,2
Fri 14 Oct 19:15  finished,1316,Al-Ittihad,6778,Al-Taawon,1,5,2016/2017,3,1
Sat 22 Mar 18:25  finished,6773,Al-Raed,6778,Al-Taawon,1,24,2013/2014,0,0
Fri 28 Aug 20:00  finished,6777,Al-Faisaly,6778,Al-Taawon,1,2,2015/2016,1,2
Sun 24 Nov 17:35  finished,6770,Al-Ahli,6778,Al-Taawon,1,10,2013/2014,1,2
Fri 25 Nov 17:35  finished,6777,Al-Faisaly,6778,Al-Taawon,1,10,2011/2012,1,1
Wed 21 Nov 17:35  finished,6847,Al-Wahda,6778,Al-Taawon,1,13,2012/2013,1,1
Thu 06 Apr 18:00  finished,6777,Al-Faisaly,6778,Al-Taawon,1,22,2016/2017,1,0
Fri 27 Dec 13:20  finished,6777,Al-Faisaly,6778,Al-Taawon,1,15,2013/2014,0,0
Sun 25 Oct 18:00  finished,1317,Al-Hilal,6778,Al-Taawon,1,4,2015/2016,3,1
Fri 25 Dec 18:00  finished,6774,Al-Shabab,6778,Al-Taawon,1,7,2015/2016,0,1
Sat 15 Apr 19:45  finished,6780,Al-Nassr,6778,Al-Taawon,1,23,2016/2017,2,1
Fri 28 Oct 18:50  finished,6774,Al-Shabab,6778,Al-Taawon,1,7,2011/2012,1,0
Fri 27 Sep 19:10  finished,1316,Al-Ittihad,6778,Al-Taawon,1,5,2013/2014,2,1
Sat 15 Oct 18:55  finished,6770,Al-Ahli,6778,Al-Taawon,1,5,2011/2012,4,2
Fri 12 Aug 20:05  finished,6847,Al-Wahda,6778,Al-Taawon,1,1,2016/2017,3,2
Thu 04 May 19:50  finished,6770,Al-Ahli,6778,Al-Taawon,1,26,2016/2017,2,1
Fri 23 Sep 17:30  finished,6774,Al-Shabab,6778,Al-Taawon,1,4,2016/2017,2,2
Tue 09 Dec 17:35  finished,1317,Al-Hilal,6778,Al-Taawon,1,8,2014/2015,3,1
Fri 01 Apr 20:00  finished,6780,Al-Nassr,6778,Al-Taawon,1,21,2015/2016,3,2
Thu 08 Dec 15:40  finished,9623,Al-Baten,6778,Al-Taawon,1,12,2016/2017,1,0
Sat 31 Mar 19:30  finished,6780,Al-Nassr,6778,Al-Taawon,1,24,2011/2012,5,0
Thu 11 Sep 19:25  finished,6773,Al-Raed,6778,Al-Taawon,1,4,2014/2015,0,0
Sat 27 Sep 17:30  finished,6777,Al-Faisaly,6778,Al-Taawon,1,6,2014/2015,2,2
Sun 08 Apr 19:35  finished,6772,Al-Fateh,6778,Al-Taawon,1,25,2011/2012,0,0
Thu 18 Apr 19:40  finished,1317,Al-Hilal,6778,Al-Taawon,1,25,2012/2013,0,0
Fri 13 Dec 13:10  finished,6780,Al-Nassr,6778,Al-Taawon,1,13,2013/2014,2,1
Thu 28 Jan 18:30  finished,6770,Al-Ahli,6778,Al-Taawon,1,14,2015/2016,2,2
Fri 23 Aug 19:40  finished,6772,Al-Fateh,6778,Al-Taawon,1,1,2013/2014,1,1
Sun 30 Nov 17:35  finished,6774,Al-Shabab,6778,Al-Taawon,1,10,2014/2015,1,2
Sat 05 Nov 15:35  finished,5680,Al-Ittifaq,6778,Al-Taawon,1,8,2016/2017,3,0
Sat 31 Dec 17:50  finished,1317,Al-Hilal,6778,Al-Taawon,1,15,2016/2017,4,2
Thu 23 Aug 19:40  finished,5680,Al-Ittifaq,6778,Al-Taawon,1,3,2012/2013,2,0
Fri 28 Oct 16:40  finished,6775,Al-Quadisiya,6778,Al-Taawon,1,7,2016/2017,0,1
Thu 26 Jan 16:25  finished,6773,Al-Raed,6778,Al-Taawon,1,16,2016/2017,3,2
Wed 11 Jan 17:55  finished,1317,Al-Hilal,6778,Al-Taawon,1,16,2011/2012,1,1
Sun 02 Sep 19:35  finished,6773,Al-Raed,6778,Al-Taawon,1,5,2012/2013,1,0
Fri 18 Nov 17:35  finished,5680,Al-Ittifaq,6778,Al-Taawon,1,9,2011/2012,5,1
Sun 20 Dec 18:15  finished,1316,Al-Ittihad,6778,Al-Taawon,1,13,2015/2016,4,1
Sat 16 Sep 17:40  finished,10483,Al-Feiha,6778,Al-Taawon,1,3,2017/2018,1,1
Tue 28 Jan 18:15  finished,1317,Al-Hilal,6778,Al-Taawon,1,20,2013/2014,1,0
Fri 25 Jan 13:35  finished,6780,Al-Nassr,6778,Al-Taawon,1,17,2012/2013,3,2
Fri 20 May 19:55  finished,6847,Al-Wahda,6778,Al-Taawon,1,26,2010/2011,0,0
Fri 09 Sep 19:30  finished,1316,Al-Ittihad,6778,Al-Taawon,1,1,2011/2012,5,3
Fri 04 Dec 15:30  finished,6772,Al-Fateh,6778,Al-Taawon,1,10,2015/2016,1,0
Fri 22 Apr 20:10  finished,6773,Al-Raed,6778,Al-Taawon,1,24,2015/2016,1,1
Sat 09 Mar 18:25  finished,1316,Al-Ittihad,6778,Al-Taawon,1,22,2012/2013,2,1
Mon 27 Apr 20:00  finished,1316,Al-Ittihad,6778,Al-Taawon,1,24,2014/2015,4,3
Sun 08 May 20:00  finished,6847,Al-Wahda,6778,Al-Taawon,1,25,2015/2016,2,1
Thu 10 Aug 18:00  finished,6772,Al-Fateh,6778,Al-Taawon,1,1,2017/2018,1,4
Sat 07 Mar 16:25  finished,6772,Al-Fateh,6778,Al-Taawon,1,18,2014/2015,2,0
Thu 11 Feb 16:10  finished,6775,Al-Quadisiya,6778,Al-Taawon,1,16,2015/2016,1,2
Wed 13 Feb 18:15  finished,6772,Al-Fateh,6778,Al-Taawon,1,19,2012/2013,2,1
Sun 10 May 20:00  finished,6770,Al-Ahli,6778,Al-Taawon,1,25,2014/2015,2,2
Thu 06 Dec 13:10  finished,6777,Al-Faisaly,6778,Al-Taawon,1,14,2012/2013,2,1
Thu 09 Jan 18:00  finished,5680,Al-Ittifaq,6778,Al-Taawon,1,17,2013/2014,3,3
Fri 30 Sep 19:10  finished,6775,Al-Quadisiya,6778,Al-Taawon,1,4,2011/2012,1,1
Sat 30 Apr 19:40  finished,6772,Al-Fateh,6778,Al-Taawon,1,24,2010/2011,1,3
Thu 13 Feb 18:25  finished,6774,Al-Shabab,6778,Al-Taawon,1,22,2013/2014,1,0
Thu 13 Dec 17:40  finished,6770,Al-Ahli,6778,Al-Taawon,1,15,2012/2013,1,1
Sat 11 Apr 17:55  finished,6780,Al-Nassr,6778,Al-Taawon,1,22,2014/2015,2,1
Fri 20 Aug 20:45  finished,6775,Al-Quadisiya,6847,Al-Wahda,1,2,2010/2011,1,1
Fri 04 Nov 18:00  finished,6770,Al-Ahli,6847,Al-Wahda,1,8,2016/2017,4,0
Wed 09 Dec 17:35  finished,6846,Al-Hazm,6847,Al-Wahda,1,11,2009/2010,1,2
Wed 25 Aug 21:15  finished,6773,Al-Raed,6847,Al-Wahda,1,3,2010/2011,3,2
Sat 19 Nov 17:45  finished,6774,Al-Shabab,6847,Al-Wahda,1,9,2016/2017,0,0
Wed 18 Mar 18:30  finished,6780,Al-Nassr,6847,Al-Wahda,1,13,2008/2009,3,1
Tue 29 Sep 19:05  finished,6775,Al-Quadisiya,6847,Al-Wahda,1,4,2009/2010,1,0
Thu 16 Sep 19:20  finished,6846,Al-Hazm,6847,Al-Wahda,1,5,2010/2011,1,1
Fri 21 Nov 17:40  finished,1316,Al-Ittihad,6847,Al-Wahda,1,9,2008/2009,2,1
Fri 22 Apr 17:55  finished,6774,Al-Shabab,6847,Al-Wahda,1,24,2015/2016,1,1
Sat 21 Nov 17:35  finished,6772,Al-Fateh,6847,Al-Wahda,1,9,2009/2010,0,0
Thu 02 Aug 21:00  finished,5680,Al-Ittifaq,6847,Al-Wahda,1,1,2012/2013,1,1
Wed 25 Nov 18:00  finished,6773,Al-Raed,6847,Al-Wahda,1,9,2015/2016,1,0
Thu 18 Aug 19:45  finished,6773,Al-Raed,6847,Al-Wahda,1,2,2016/2017,3,1
Fri 09 Nov 17:40  finished,6772,Al-Fateh,6847,Al-Wahda,1,12,2012/2013,3,1
Fri 20 Nov 15:30  finished,6772,Al-Fateh,6847,Al-Wahda,1,8,2015/2016,2,0
Sun 07 Mar 18:20  finished,6780,Al-Nassr,6847,Al-Wahda,1,7,2009/2010,1,0
Mon 01 Feb 18:15  finished,1316,Al-Ittihad,6847,Al-Wahda,1,6,2009/2010,2,0
Sat 04 Oct 19:00  finished,6774,Al-Shabab,6847,Al-Wahda,1,3,2008/2009,4,2
Fri 19 Oct 18:50  finished,6777,Al-Faisaly,6847,Al-Wahda,1,10,2012/2013,4,3
Wed 22 Oct 18:45  finished,6770,Al-Ahli,6847,Al-Wahda,1,6,2008/2009,0,0
Thu 24 Dec 13:15  finished,1317,Al-Hilal,6847,Al-Wahda,1,14,2009/2010,3,1
Sun 14 Mar 18:30  finished,6773,Al-Raed,6847,Al-Wahda,1,21,2009/2010,1,1
Sat 23 Jan 18:00  finished,6770,Al-Ahli,6847,Al-Wahda,1,19,2009/2010,2,0
Fri 08 Mar 18:25  finished,1317,Al-Hilal,6847,Al-Wahda,1,22,2012/2013,2,0
Thu 24 Jan 13:35  finished,6774,Al-Shabab,6847,Al-Wahda,1,17,2012/2013,3,1
Sat 29 Sep 19:10  finished,6780,Al-Nassr,6847,Al-Wahda,1,8,2012/2013,3,1
Mon 24 Sep 19:15  finished,1316,Al-Ittihad,6847,Al-Wahda,1,7,2012/2013,1,0
Wed 16 Dec 17:40  finished,5680,Al-Ittifaq,6847,Al-Wahda,1,12,2009/2010,1,3
Fri 12 Apr 19:35  finished,6773,Al-Raed,6847,Al-Wahda,1,24,2012/2013,1,1
Tue 04 Nov 17:40  finished,1317,Al-Hilal,6847,Al-Wahda,1,7,2008/2009,0,0
Tue 15 Dec 15:55  finished,6778,Al-Taawon,6847,Al-Wahda,1,12,2015/2016,4,2
Sun 02 Sep 19:35  finished,6770,Al-Ahli,6847,Al-Wahda,1,5,2012/2013,2,1
Fri 21 Oct 16:45  finished,5680,Al-Ittifaq,6847,Al-Wahda,1,6,2016/2017,1,3
Thu 11 Dec 13:15  finished,6846,Al-Hazm,6847,Al-Wahda,1,12,2008/2009,3,1
Fri 23 Sep 17:35  finished,6777,Al-Faisaly,6847,Al-Wahda,1,4,2016/2017,2,1
Wed 19 Aug 19:45  finished,1317,Al-Hilal,6847,Al-Wahda,1,1,2015/2016,2,0
Fri 03 Mar 16:35  finished,9623,Al-Baten,6847,Al-Wahda,1,20,2016/2017,1,1
Sat 22 Sep 21:00  finished,6774,Al-Shabab,6847,Al-Wahda,1,4,2007/2008,2,1
Sat 20 Feb 18:40  finished,6777,Al-Faisaly,6847,Al-Wahda,1,17,2015/2016,2,1
Fri 14 Dec 17:30  finished,6846,Al-Hazm,6847,Al-Wahda,1,13,2007/2008,0,1
Sat 24 Jan 18:00  finished,5680,Al-Ittifaq,6847,Al-Wahda,1,19,2008/2009,4,0
Fri 18 Sep 20:00  finished,6770,Al-Ahli,6847,Al-Wahda,1,3,2015/2016,2,0
Sat 28 Jan 18:15  finished,1316,Al-Ittihad,6847,Al-Wahda,1,16,2016/2017,1,0
Wed 08 Apr 15:00  finished,6773,Al-Raed,6847,Al-Wahda,1,21,2008/2009,6,3
Thu 09 Dec 17:10  finished,6777,Al-Faisaly,6847,Al-Wahda,1,14,2010/2011,1,0
Thu 18 Oct 18:45  finished,6780,Al-Nassr,6847,Al-Wahda,1,7,2007/2008,1,0
Wed 05 Mar 18:25  finished,1316,Al-Ittihad,6847,Al-Wahda,1,10,2007/2008,1,1
Wed 10 Nov 17:35  finished,6778,Al-Taawon,6847,Al-Wahda,1,13,2010/2011,1,2
Fri 10 Feb 18:15  finished,6780,Al-Nassr,6847,Al-Wahda,1,18,2016/2017,2,1
Fri 04 Mar 18:25  finished,5680,Al-Ittifaq,6847,Al-Wahda,1,19,2010/2011,3,0
Fri 26 Feb 18:40  finished,6780,Al-Nassr,6847,Al-Wahda,1,18,2015/2016,1,1
Fri 29 Oct 18:45  finished,6774,Al-Shabab,6847,Al-Wahda,1,11,2010/2011,4,3
Mon 10 Dec 17:30  finished,6770,Al-Ahli,6847,Al-Wahda,1,9,2007/2008,1,1
Sat 12 Feb 18:15  finished,1317,Al-Hilal,6847,Al-Wahda,1,17,2010/2011,2,1
Sat 03 Dec 12:45  finished,6772,Al-Fateh,6847,Al-Wahda,1,11,2016/2017,4,2
Thu 08 Dec 17:55  finished,1317,Al-Hilal,6847,Al-Wahda,1,12,2016/2017,6,0
Sun 17 Apr 17:45  finished,6775,Al-Quadisiya,6847,Al-Wahda,1,23,2015/2016,1,1
Sat 12 Mar 18:45  finished,1316,Al-Ittihad,6847,Al-Wahda,1,20,2015/2016,0,2
Thu 23 Aug 19:35  finished,6775,Al-Quadisiya,6847,Al-Wahda,1,1,2007/2008,0,4
Sat 12 Jan 17:50  finished,1317,Al-Hilal,6847,Al-Wahda,1,16,2007/2008,3,1
Thu 13 Sep 21:15  finished,5680,Al-Ittifaq,6847,Al-Wahda,1,3,2007/2008,4,1
Sun 15 May 19:50  finished,6770,Al-Ahli,6847,Al-Wahda,1,25,2010/2011,3,2
Fri 15 Oct 18:55  finished,1316,Al-Ittihad,6847,Al-Wahda,1,9,2010/2011,1,1
Sat 27 Apr 19:40  finished,6778,Al-Taawon,6847,Al-Wahda,1,26,2012/2013,1,1
Tue 28 Sep 19:10  finished,6780,Al-Nassr,6847,Al-Wahda,1,7,2010/2011,0,1
Fri 23 Dec 16:00  finished,6778,Al-Taawon,6847,Al-Wahda,1,14,2016/2017,3,1
Sat 02 Apr 19:35  finished,6772,Al-Fateh,6847,Al-Wahda,1,21,2010/2011,2,1
Tue 25 Aug 21:15  finished,6774,Al-Shabab,6847,Al-Wahda,1,2,2009/2010,2,2
Thu 04 May 19:50  finished,6775,Al-Quadisiya,6847,Al-Wahda,1,26,2016/2017,3,1
Fri 06 Apr 19:40  finished,6775,Al-Quadisiya,9624,Ohod,1,25,2017/2018,4,1
Thu 23 Nov 15:50  finished,6773,Al-Raed,9624,Ohod,1,11,2017/2018,2,2
Thu 12 Apr 19:40  finished,6770,Al-Ahli,9624,Ohod,1,26,2017/2018,1,0
Thu 11 Jan 13:10  finished,6772,Al-Fateh,9624,Ohod,1,17,2017/2018,0,0
Fri 02 Mar 16:25  finished,5680,Al-Ittifaq,9624,Ohod,1,23,2017/2018,3,2
Sat 17 Feb 16:35  finished,6777,Al-Faisaly,9624,Ohod,1,22,2017/2018,2,0
Sat 16 Sep 19:25  finished,1317,Al-Hilal,9624,Ohod,1,3,2017/2018,1,0
Fri 13 Oct 19:00  finished,1316,Al-Ittihad,9624,Ohod,1,6,2017/2018,2,2
Sat 03 Feb 17:45  finished,6780,Al-Nassr,9624,Ohod,1,20,2017/2018,2,0
Fri 18 Aug 18:15  finished,9623,Al-Baten,9624,Ohod,1,2,2017/2018,2,0
Sat 12 Aug 18:10  finished,6774,Al-Shabab,9624,Ohod,1,1,2017/2018,1,2
Fri 27 Oct 18:50  finished,6778,Al-Taawon,9624,Ohod,1,8,2017/2018,3,1
Fri 29 Sep 17:30  finished,10483,Al-Feiha,9624,Ohod,1,5,2017/2018,1,0
